如果,想,有,辉煌,的,明天,，,就,请,你,多一些,高贵,的,低头
人们,应该,多,读书,，,多,努力,工作
多一些,高贵,的,低头
多一些,高贵,的,低头
主要,表达,了,人们,应,多一些,高贵,的,低头,的,观点
多一些,高贵,的,低头
我们,要,多,读书,，,少,玩游戏,，,有助于,我们,的,成长
对,低头,族,的,看法
如果,想,有,辉煌,的,明天,，,就,请,你,也,多一些,高贵,的,低头
多,做,“,高贵,的,低头,族,”
如果,想,有,辉煌,的,明天,，,就,请,你,多一些,高贵,的,低头
多一些,高贵,的,低头
多一些,高贵,的,低头,，,或,说,读书
多一些,“,高贵,的,低头,”,少,一些,“,低头,族,”
不要,当,低头,族,，,要,多一些,高贵,的,低头
多一些,高贵,的,低头
如果,想,用,辉煌,的,明天,就,请,你,也,多一些,高贵,的,低头
如果,想,有,辉煌,的,明天,，,就,请,多一些,高贵,的,低头
多一些,高贵,的,低头,，,少,一些,不,高贵,的,低头,族
现在,的,社会,，,大多数,人,都,是,低头,族,，,表达,作者,想,让,低头,族,的,低头,变成,高贵,的,低头
多些,高贵,的,低头
不要,一直,低头,玩,手机,，,做点,有,意义,的,事
请,多一些,高贵,的,低头
希望,做,高贵,的,低头
多一些,高贵,的,低头,，,多,读书,少玩,手机
想要,有,辉煌,的,明天,，,那,就,请,做,高贵,的,低头
低头,看,手机,不好,应该,多,看看书
如果,想,有,辉煌,的,明天,，,就,请,你,也,多一些,高贵,的,低头
多一些,高贵,的,低头
如果,想要,辉煌,的,明天,，,就,请,你,也,多一些,高贵,的,低头
高贵,的,低头,太,少,，,如果,想,有,辉煌,的,明天,，,就,请,你,也,多一些,高贵,的,低头
高贵,的,低头,会,让,我们,的,学习,和,事业,有,进步,，,而,有,的,低头,只会,让,我们,失败
多一些,高贵,的,低头
多一些,高尚,的,低头
要,让,人们,多去,低头,看书,，,这才,对,人们,有,好处
人,应该,“,高贵,的,低头,”,而,不是,整天,抱,着,手机,低头,。
应该,多一些,高贵,的,低头
人们,应多,地下,高贵,的,头,去,看书
做,“,低头,族,”,的,人太多,了
如果,想,有,辉煌,的,明天,，,就,请,你,也,多一些,高贵,的,低头
我们,低头,应该,多,看书,学习,或,干,一些,有,意义,的,事情,，,不,应该,低头,是,为了,玩儿,手机,，,做,没有,意义,的,事
要,多,看书,，,不要,总玩,手机
多一些,高贵,的,低头
要,做,低头,族,，,就要,做,高贵,的,低头,族,，,多,看书,，,少,做些,没有,意义,的,事情
我们,应,多一些,高贵,的,低头
我们,应该,做,高贵,的,低头,族
看,手机,的,人太多,，,低头,族,太,多
如果,想,有,辉煌,的,明天,，,就,请,您,也,多一些,高贵,的,低头
要,多一些,高贵,的,低头,，,这样,才,会,有,辉煌,的,明天
不要,当,低头,族,要,多一些,高贵,的,低头,，,不要,总玩,手机,要,多,看书
我们,应该,多,学习,，,多,读书,，,也,就是,“,高贵,的,低头,”
我们,要,多一些,高贵,的,低头
如果,想要,辉煌,的,明天,就,请,你,也,多一些,高贵,的,低头
如果,想,有,辉煌,的,明天,，,请,多一些,高贵,的,低头
如果,有,辉煌,的,明天,，,请,你,也,多一些,“,高贵,的,低头,”
人
通过,作者,的,，,亲身经历,和,作者,在,听,别人,说,的,现象,，,表达,观点
多一些,“,高贵,的,低头,”
如果,想,辉煌,的,明天,，,就,请,多一些,高贵,的,低头,，,不要,总,沉浸于,电子产品,，,要,背书,而,低头
表达,作者,低头,族,太,多,了
如果,想,有,辉煌,的,明天,，,就,请,你,也,多一些,高贵,的,低头
作者,反对,那些,不,高贵,的,低头,，,并且,希望,未来,多一些,高贵,的,低头
如果,有,辉煌,的,明天,，,请,你,也,多一些,“,高贵,的,低头,”
想,让,人们,多一些,“,高贵,的,低头,”
人要,想,拥有,美好,的,未来,就,应该,，,多些,，,读书,，,而,不是,玩,手机,，,看,电视剧
表达,的,观点,是,现代,低头,，,玩,手机,的,人太多,，,希望,大家,都,懂,高贵,的,低头,，,把,低头,，,用,在,能,给,我们,增长,知识,的,东西,上面
多一些,“,高贵,的,低头
手机,等,一类,的,电子产品,是,产生,低头,族,的,基本,原因
我们,应,多一点,“,高贵,的,低头,”
但愿,她,看到,的,现象,也,去,引起,众多,“,低头,族,”,的,注意,和,思考,—,—,如果,想,有,辉煌,的,明天,，,请,你,多一些,“,高贵,的,低头,”
“,高贵,的,低头,”,是,为了,学习,知识,，,广博,见闻,，,提高素质,，,增强,本领
如果,有,辉煌,的,明天,，,请,你,也,多一些,“,高贵,的,低头,”
多一些,高贵,的,低头
对,记载,人类文明,的,书籍,的,毁誉,，,更是,对书,这,一,高雅,行为,的,褒奖
多一些,“,高贵,的,低头
多,在,低头,时,，,读,好书,，,这才,是,高贵,的,低头
如今,社会,上,高贵,的,低头,不少,，,大多,是,低头,族
为了,学习,知识,，,广博,见闻,，,提高素质,，,增强,本领,，,而,高贵,低调,的,人才,会,有,辉煌,的,明天
作者,表达,了,如果,想,有,辉煌,的,明天,，,就,请,你,也,多一些,高贵,的,低头
如果,想要,辉煌,的,明天,，,就,请,您,也,多一些,高贵,的,低头
不要,低头,打,电子游戏,和,看,韩剧,，,学会,高贵,的,低头
如果,想,有,辉煌,的,明天,，,就,请,你,也,多一些,高贵,的,低头
如果,想,有,辉煌,的,一天,，,就,请,你,也,多一些,高贵,的,低头
读书,能,广博,见闻,，,提高素质,，,乃至,，,高贵,的,低头,，,而,，,已,成为,普遍现象,的,玩,手机,，,只能,让,人,腹中,空空,，,人们,应该,多些,高贵,的,低头
我们,要,多一些,高贵,的,头
只有,多,看,有用,的,书,，,未来,的,成就,才,会,辉煌
多些,高贵,的,低头
如果,有,辉煌,的,明天,，,请,你,也,多一些,“,高贵,的,低头,”
多一些,高贵,的,低头
多一些,高贵,的,低头,多,读书,少,一些,不,那么,高贵,的,低头
如果,想要,辉煌,的,明天,就,请,你,多一些,高贵,的,低头
但愿,，,她,看到,的,现象,都,引起,众多,“,低头,族,”,的,注意,和,思考,，,如果,有,辉煌,的,明天,，,请,你,也,多一些,“,高贵,的,低头,”
要,多,去,低头,看书,，,不要,总是,低头,玩,手机,，,低头,看书,是,高贵,的,低头,，,它,有助于,我们,的,人生
观点,是,，,如果,想要,有,辉煌,的,明天,就,请,你,也,多一些,高贵,的,低头,多,看看书,，,少玩,手机
如果,想,有,辉煌,的,明天,，,就,请,你,也,多一些,“,高贵,的,低头,”
多一些,高贵,的,低头
人,的,行为,影响,了,位置,，,如果,想,有,辉煌,的,明天,，,就,请,你,也,多一些,高贵,的,低头
低头,玩,手机,不好,，,低头,看书,好,。
人要,多一些,高贵,的,低头,族,多,读书
中国,玩,手机,的,太,多,，,读书,太,少,，,想,让,人们,注意,多,看书
我们,要,多,读书,少,一些,玩,手机
现在,的,人,低头,族,太,多,了
如果,想,有,辉煌,的,明天,，,就,请,你,也,多一些,高贵,的,低头
如果,想,有,辉煌,的,明天,，,就,请,你,也,多一些,“,高贵,的,低头,”
少,一些,“,低头,族,”,多一些,“,高贵,的,低头,”
低头,要,高贵,的,低头,，,并,不是,低头,玩,手机,，,高贵,的,低头,是,看书
低头,族,太,多,了
我们,要,多一些,“,高贵,的,低头,”,多去,看书,。
如果,想要,成功,，,就,多一些,额,高贵,的,低头
我们,要少,一些,“,低头,族,”,，,多一些,时间,读书,，,多,做,一些,“,高贵,的,低头,”
如果,想,有,辉煌,的,明天,，,就,请,你,也,多一些,“,高贵,的,低头,”,。
“,高贵,的,低头,”,多,了,，,将来,擦,能,抬起,“,高贵,的,头,”,，,建功立业,，,一鸣惊人,。
如果,想,有,辉煌,的,明天,，,就,请,你,也,多一些,“,高贵,的,低头,”,。
如果,想,有,辉煌,的,明天,，,请,多一些,“,高贵,的,低头,”,。
读书,是,走向,成功,的,基础,。
多一些,“,高贵,的,低头,”,。
如果,想,有,辉煌,的,明天,，,就,多一些,“,高贵,的,低头,”,。
读书,是,“,高贵,的,低头,”,，,高贵,的,低头,多,了,就,可能,建功立业,，,一鸣惊人,。
读书,是,“,高贵,的,低头,”,，,完,手机,就是,不,那么,高贵,的,低头,，,如果,想,有,辉煌,的,明天,，,就,请,你,多一些,”,高贵,的,低头,”,。
多一些,“,高贵,的,低头,”,。
如果,想要,有,辉煌,的,明天,，,就要,多一些,“,高贵,的,低头,”,，,多多,低头,看书,。
如果,想,有,辉煌,的,明天,，,就,请,你,也,多一些,“,高贵,的,低头,”,。
多一些,高贵,的,低头,。
想要,有,辉煌,的,明天,，,就要,低下头,读书,。
如果,想,有,辉煌,的,明天,，,就,请,你,也,多一些,“,高贵,的,低头,”,。
多一些,高贵,的,低头, 
让,低头,读书,代替,低头,看,手机,。
人要,多,看书,。
我们,应该,减少,使用,手机,，,用,那些,时间,多去,阅读,书籍,。
做人,要,学会,高贵,的,低头,。
人们,应,多一些,“,高贵,的,低头,”
用,“,高贵,的,低头,”,引出,下文,的,，,表达,现在,有,很多,低头,玩,手机,的,。
低头,有,两种,，,第一种,低头,在,看书,，,第二种,低头,在,玩,手机,。
想,有,辉煌,的,明天,，,就要,多些,高贵,的,低头,。
我们,要,高贵,的,低头
要,把,看,手机,的,时间,话,一点,在,看书,上,，,那么,会,提高,了,自己,。
我们,要,多,看书,，,减少,玩,手机,。
读书,，,是,高贵,的,表现,。
依,我,所见,，,如果说,读书,是,“,高贵,的,低头,”,，,那么,玩,手机,就是,不,那么,高贵,的,低头,。
多读,一些,书,，,少玩,手机,。
如果,想,有,辉煌,的,明,，,就,请,你,低头,做,对,自己,有益,的,事情,。
如果,想,有,辉煌,的,明天,，,就,请,你,也,多一些,“,高贵,的,低头,”,，,而,不是,作,“,低头,族,”,。
如果,想,有,辉煌,的,明天,，,就,请,你,也,多一些,“,高贵,的,低头,”,。
高贵,的,低头
如果,想,有,辉煌,的,明天,，,就,请,你,也,多一些,“,高贵,的,低头,”,。
多一些,高贵,的,低头
如果,想,有,辉煌,的,明天,，,就,请,你,也,多一些,高贵,的,低头
想,有,辉煌,的,明天,，,就要,多些,高贵,的,低头,，,多,读书,。
如果说,读书,是,最高,贵,的,低头,，,那么,，,玩,手机,及时,不,那么,高贵,的,低头,。
如果,想,有,辉煌,的,明天,，,就,请,你,也,多一些,“,高贵,的,低头,”,。
当今社会,，,我们,应,多一些,高贵,的,低头,。
多一些,“,高贵,的,低头
想要,辉煌,的,明天,，,请,多一些,“,高贵,的,低头,”,。
事情,发展
多读,一些,书,。
为了,学习,知识,，,广博,见闻,，,提高素质,，,增强,本领,，,做,一个,高贵,的,低头,族,。
请,你,也,多一些,“,高贵,的,低头,”
考试,了,，,有,的,人,只是,低头,的,时候,玩,手机,不,学习,，,要是,低头,做点,读书,#,的,才,叫,高贵,的,低头,。
如果,想,有,辉煌,的,明天,，,就,请,多一些,“,高贵,的,低头,”
如果,想,有,辉煌,的,明天,，,就,请,你,也,多一些,高贵,的,低头
多一些,“,高贵,的,低头,”,。
读书,是,“,高贵,的,低头,”,，,那么,，,玩,手机,就是,不,那么,高贵,的,低头,。
成为,高贵,的,“,低头,族,”,，,因为,“,高贵,的,低头,”,多,了,，,将来,才能,抬起,“,高贵,的,头,”,。
如果,想,有,辉煌,的,明天,，,就,请,你,也,多一些,“,高贵,的,低头,”,。
作者,想,表达,的,学生,们,#,看,手机,，,而,不,念书,的,观点,。
不要,当,“,低头,族,”,，,我们,应该,多,读书,，,当,一个,“,高贵,的,低头,”,的,人,。
把,手中,的,手机,换成,一,本书,，,就是,“,高贵,的,低头,”
我们,应该,多一些,高贵,的,低头,。
如果,想,有,辉煌,的,明天,，,要,多一些,“,高贵,的,低头,”,。
只有,“,高贵,的,低头,”,，,才能,抬起,“,高贵,的,头,”,。
要,多一些,“,高贵,的,低头,”,，,多,读书,。
多一些,“,高贵,的,低头,族,”,。
如果,想,有,辉煌,的,明天,，,就,请,你,也,多一些,高贵,的,低头,。
我,认为,作者,主要,表达,的,观点,是,“,高贵,的,低头,”,的,好处
本文,作者,想要,让,一些,低头,族,变得,更加,有,文学,，,多,读书,，,变成,高贵,的,低头,族,。
少玩,手机,多,看书,。
读书,是,”,高贵,的,低头,“
我们,要,高贵,的,低头,，,多,看看书,。
多一些,“,高贵,的,低头,”
#,吁,人们,要,“,高贵,的,低头,”,，,不要,老是,看,手机,打游戏,看,电影
多,读书,少玩,手机
低头,族,和,高贵,的,低头,的,好,与,不好
多一些,“,高贵,的,低头
我们,要,多一些,“,高贵,的,低头,”,多,看书,，,不要,做,“,低头,族,”,玩,手机,。
多一些,高贵,的,低头,。
读书,是,高贵,的,低头
我,认为,作者,主要,表达,了,多一些,高贵,的,低头,的,观点,。
多一些,高贵,的,低头,少,一些,玩,手机,的,。
如果,想,有,辉煌,的,明天,，,就,请,多一些,“,高贵,的,低头,”,，,就,多,看,一些,书,，,少玩会,游戏,等
多一些,“,高贵,的,低头,”,。
我要,多,读书,，,多,做,“,高贵,的,低头,”,。
我们,应该,多,读书,，,多一些,“,高贵,的,低头,”,，,日后,才能,高贵,的,抬头,，,才能,出头,，,“,低头,族,”,不学无术,，,未来,注定,没有,希望,。
多一些,认真读书,的,人,。
少玩,手机,，,多,读书,，,只有,读书,才,对,自己,有益
低头,族,的,区别,在于,，,低头,玩,手机,还是,在,看书,。
如果,想,有,辉煌,的,明天,，,就,请,你,也,多一些,高贵,的,低头,。
高贵,的,低头,太少,了,。
我们,要,多,读书,，,多一些,“,高贵,的,低头,”,。
如果,有,辉煌,的,明天,，,请,你,也,多一些,“,高贵,的,低头,”
多一些,“,高贵,的,低头,”,。
多,看书,，,少玩,手机,。
高贵,的,低头,与,低头,族,。
如果,想,有,辉煌,的,明天,，,就,请,你,也,多一些,“,高贵,的,低头,”
为了,表达,出要,让,我们,学会,高贵,的,低头,，,而,不,只是,低头,玩游戏,。
社会,上要,多一些,“,高贵,的,低头,”,。
我们,要,多,读书,，,让,“,低头,”,有,意义,。
如果,想,有,辉煌,的,明天,，,就,请,你,也,多一些,“,高贵,的,低头,”,。
如果,想,有,辉煌,的,明天,，,就要,多,读书,。,不要,总是,玩游戏,和,一些,对,自己,无益,的,事,。
如果,想,有,作为,，,就要,多,读书,，,不要,经常,用,手机,玩游戏,。
看书,是,“,高贵,的,低头,”,，,玩,手机,是,不,那么,高贵,的,低头,。,如果,想要,辉煌,的,明天,，,就,多一些,“,高贵,的,低头,”,。
如果,想要,有,辉煌,的,明天,，,就要,多一些,“,高贵,的,低头,”
多一些,“,高贵,的,低头,”,。
想,有,辉煌,的,明天,，,就要,多一些,“,高贵,”,的,低头,。
人们,要少,看,手机,，,多,读书,。
“,低头,族,”,和,“,高贵,的,低头,”,有,什么,区别,？
多一些,“,高贵,的,低头,”,。
如果,想,有,辉煌,的,明天,，,就,请,你,也,多一些,“,高贵,的,低头,”,。
让,人们,少,一些,低头,玩,手机,的,，,多一些,低头,看书,的,。
读书,是,高贵,的,低头,。
高贵,的,低头,，,低头,族,的,优劣,。
多一些,高贵,的,低头,，,少,一些,不,高贵,的,低头
主要,表达,让,我们,不要,再,玩,手机,了,，,多,看看书,。
不要,做,“,低头,族,”,，,要,做,一个,高贵,的,低头,者,，,因为,这是,为了,学问,与,知识,。
表明,了,作者,希望,人们,能,多,读书,而,不是,沉迷于,手机,的,观点,。
多一些,低头,看书,的,人
多一些,“,高贵,的,低头,”,，,才能,有所作为,。
主要,表达,人们,多一些,读书,的,低头,，,而,不要,看,手机,的,低头,。
如果,想,有,辉煌,的,明天,，,就,请,你,也,多一些,“,高贵,的,低头,”,。
表达,出要,多一些,“,高贵,的,低头,族,”,。
表达,多一些,“,高贵,的,低头,”,的,观点,。
如果,想,有,辉煌,的,明天,，,就,请,你,也,多一些,“,高贵,的,低头,族,”,。
如果,想,有,辉煌,的,明天,，,就,请,你,多一些,“,高贵,的,低头,”
如果说,读书,是,“,高贵,的,低头,”,，,那么,，,玩,手机,就是,不,那么,高贵,的,低头,，,如果,像,有,辉煌,明,，,就,将,多一些,“,高贵,的,低头,”
如果,想,有,辉煌,的,明天,，,就要,多,看些,书,，,多些,“,高贵,的,低头,”,。
不能,总是,低头,做,一些,无,意义,的,事,，,要,多,低头,看书
我们,应该,多一些,“,高贵,的,低头,”,。
如果,想,有,辉煌,的,明天,，,请,多一些,“,高贵,的,低头,”
多一些,“,高贵,的,低头,”
如,影响,视力,，,长期,可能,还会,有,与,人,交往,存在,障碍,，,比如,实际,中,那些,网络,里,玩,得,很,好,，,现实,中,却,不,懂,怎样,与,人,交往,，,产生,冷漠,。
如果,想,有,辉煌,的,明天,，,请,你,也,多一些,“,高贵,的,低头,”,。
我们,应该,多些,“,高贵,的,低头,”,。
在,社会,中,，,低头,族,越来越,多,，,影响,了,我们,的,学习,。
如果,有,辉煌,的,明天,，,请,你,也,多一些,“,高贵,的,低头,”
表达,作者,希望,多一些,“,高贵,的,低头,”,的,观点,。
多一些,“,高贵,的,低头,”,。
如果,想,有,辉煌,的,明天,，,就,请,你,多一些,“,高贵,的,低头,”,。
我们,要,多,为,读书,而,低头,，,少为,做,无用,的,事,而,低头,。
多一些,“,高贵,的,低头,”
如果,想,有,辉煌,的,明天,，,就,请,你,也,多一些,高贵,的,低头
作者,想,让,我们,放下,手机,和,电子产品,，,拿,起,书本,阅读,。
希望,我们,多一些,“,高贵,的,低头,”
不管,是,大人,还是,学生,都,是,“,低头,族,”,，,作者,希望,“,低头,族,多一些,”
表达,了,作者,在,低头,要,高贵,，,低头,要,沉浸,在,书海,之中
多一些,“,高贵,的,低头,”,。
人类,需要,多,读书,。
要,高贵,的,低头,。
如果,想,有,辉煌,的,明天,，,就,请,你,也,多一些,“,高贵,的,低头,”,。
低头,族,很多,，,应该,多一些,低头,看书,的,人们,，,少,一些,低头,看,手机,的,。
多一些,“,高贵,的,低头,”
如果,想要,有,辉煌,的,明天,，,就,请,你,也,多一些,“,高贵,的,低头,：,。
在,闲暇,时变,看,手机,为,读书
读书,是,高贵,的,“,低头,族,”
人生,应,多一些,“,高贵,的,低头,。
到底,是,人,的,位置,影响,了,行为,呢,，,还是,人,的,行为,影响,了,位置,呢,？
倡导,年轻人,不,做,“,低头,族,”,，,要,做,也,要,做,“,高贵,的,低头,族,”,。
如果,想,有,辉煌,的,明天,，,就,请,你,也,多一些,高贵,的,低头
多一些,“,高贵,的,低头,”,。
如果,想,有,辉煌,的,明天,，,就,请,你,也,多一些,“,高贵,的,低头,”,。
如果,想,有,辉煌,的,明天,，,我们,就,应,多一些,“,高贵,的,低头,”,。
应该,多一些,“,高贵,的,低头,”,。
观点,是,如果,想,有,辉煌,的,明天,，,就,请,你,也,多一些,“,高贵,的,低头,”,。
做,高贵,的,低头,族
低头,玩,手机,的,多,了,，,低头,看书,的,少,了,。
如果,想,有,辉煌,的,明天,，,就,请,你,也,多一些,高贵,的,低头
我们,要,多,读书,，,这样,才,可能,成功
如果,想,有,辉煌,的,明天,，,就,请,你,也,多一些,“,高贵,的,低头,”,。
本文,作者,的,观点,是,多一些,“,高贵,的,低头,”,。
多一些,高贵,的,低头, 
如果,想,有,辉煌,的,明天,，,就,请,你,也,多一些,高贵,的,低头
在,我们,的,日常生活,中,更,多一些,高贵,的,低头
如果,想,有,辉煌,的,明天,，,就,请,我们,多一些,“,高贵,的,低头,”,。
如果,想,有,辉煌,的,明天,，,就,请,你,也,多一些,“,高贵,的,低头,”,。
多,看书,当,“,高贵,的,低头,族,”,，,少作,看,手机,电脑,的,不,高贵,低头,族
人要,“,高贵,的,低头,”
如果,想,有,辉煌,的,明天,，,就,请,你,也,多一些,“,高贵,的,低头,”,。
我们,不能,总是,沉迷于,电子设备,，,要,适量,地,从,书,中,吸取,知识,。
作者,主要,想,表达,如果,有,辉煌,的,明天,，,那,就,需要,多一些,“,高贵,的,低头,”,的,观点,。
请,多一些,“,高贵,的,低头,”
作者,想,表达,的,观点,是,“,多一些,‘,高贵,的,低头,’,”,。
我,认为,本文,中,作者,观点,“,人,的,行为,影响,了,位置,，,如果,想,有,辉煌,的,明天,，,就,多一些,“,高贵,的,低头,”,。
如果,想,建功立业,，,一鸣惊人,，,是,少不了,多,低头,读书,的,。
要,多,读书,增长,知识,，,“,多一些,高贵,的,低头,”
请,大家,多一些,“,高贵,的,低头
如果,这个,世界,“,低头,族,”,太,多,，,那么,那些,“,低头,族,”,永远,抬,不,起头,，,也,就,不能,像,“,高贵,的,低头,族,”,一样,了,。
做,高贵,的,低头,族,才能,获得,辉煌,的,明天,，
本文,作者,主要,表达,要,多,看书,，,少玩,手机,。
作者,希望,那些,“,低头,族,”,不要,玩,手机,，,是,可以,多,看,一些,有用,的,书籍,，,多点,“,高贵,的,低头,”,。
如果,读书,是,“,高贵,的,低头,”,，,玩,手机,就是,不,那么,高贵,的,低头,，,多,读些,书,，,才能,有,辉煌,的,明天,。
没,人,喜欢,读书,了,，,都,是,“,低头,族,”,。
要,多一些,高贵,的,低头
人们,应该,多,读书,，,少玩,手机
多一些,像,读书,这样,“,高贵,的,低头,”
我,认为,作者,要,表达,的,观点,是,如果,想,有,辉煌,的,明天,，,就,请,你,也,多点,“,高贵,的,低头,”,。
多一些,“,高贵,的,低头,”,，,少,一些,“,不,高贵,的,低头,”,、
多一些,“,高贵,的,低头,”
如果,想,有,辉煌,的,明天,，,就,请,你,也,多一些,“,高贵,的,低头,”,。
用,了,对比,的,方法,来,表达,这一,观点
读书,是,“,高贵,的,低头,”,，,玩,手机,就是,不,那么,高贵,的,低头,。
多一些,“,高贵,的,低头,”,，,用,玩,手机,的,事件,来读,一些,书,。
如果,想,有,辉煌,的,明天,，,就要,多一些,高贵,的,低头,。
多,为了,学习,知识,，,广博,见闻,，,提高素质,，,增强,本领,而,低头,。
要,多些,“,高贵,的,低头,”
要,估久个,高贵,的,低头
主要,表达,：,如果,想,有,辉煌,的,明天,，,就,请,你,也,多一些,“,高贵,的,低头,”,。
如果,想,有,辉煌,的,明天,，,就,请,你,也,多一些,“,高贵,的,低头,”
要,高贵,地,低头,，,才能,抬起,“,高贵,的,头,”
只有,多,读书,多,学习,才,可以,有,未来,更好,的,成就,和,生活
多一些,低头,读书,的,人
如果,想,有,辉煌,的,明天,，,就,请,你,多一些,“,高贵,的,低头,”
“,高贵,的,低头,”,，,是,为了,学习,知识,，,广博,见闻,，,提高素质,。,不要,总是,低头,玩,手机,。
想,有,辉煌,的,明天,，,就,请,你,也,多一些,“,高贵,的,低头,”
如果,想,有,辉煌,的,明天,，,就,请,多,看,一些,书,”
如果,想,有,辉煌,的,明天,，,就,有,多一些,“,高贵,的,低头,”,。
如果,想,有,辉煌,的,明天,，,就,请,多一些,“,高贵,的,低头,”,。
作者,主要,表达,的,观点,，,多一些,“,高贵,的,低头,”
要,多一些,“,高贵,的,低头,”,。
如果,想,有,辉煌,的,明天,，,就,请,你,也,多一些,“,高贵,的,低头,”,。
如果,想,有,辉煌,的,明天,，,就,请,你,也,多一些,“,高贵,的,低头,”,。
多一些,“,高贵,的,低头,”,，,低头,看书,，,而,不是,低头,玩,手机,。
旅途,中,，,在,飞机,上,，,火车,上,，,他,捡,到,了,太,多,了,“,低头,族,”,，,无论,男女老少,，,都,在,低头,。
如果,想,有,辉煌,的,明天,，,就,请,你,也,多一些,“,高贵,的,低头,”,。
如果,想,有,辉煌,的,明天,，,就,请,你,也,多一些,“,高贵,的,低头,”,。
多一些,“,高贵,的,低头,”
在,“,低头,”,前面,加上,形容词,“,高贵,”,，,既,是,对,记载,文明,书籍,的,赞誉,，,更是,对,读书,这一,高雅,行为,褒奖,。
一定,要,当,“,高贵,的,低头,”
如果,想,有,辉煌,的,明天,，,为了,学习,知识,、,广博,见闻,、,提高素质,，,请,多一些,高贵,的,抬头,。
多一些,“,高贵,的,低头,”
我们,要,多一些,“,高贵,的,低头,”
我们,应该,多一些,“,高贵,的,低头,”,。
本,作者,要,表现,出,“,如果,想,有,辉煌,的,明天,，,就,请,你,也,多一些,高贵,的,低头,”,这一,论点,。
表达,出,面对,“,低头,族,”,就,需要,应,认真,地,读书,学习,，,才能,做好,高贵,低头,族,。
作者,想,表达,让,人们,多一些,读书,的,时间,。
多一些,“,低头,族,”,，,这里,的,低头,族,并,不是,低头,玩,手机,，,而是,多去,看看书,。
我们,应该,多一些,高贵,的,低头,。
如果,想,有,辉煌,的,明天,，,就,请,你,也,多些,“,高贵,的,低头,”,。
我们,要,多一些,高贵,的,低头
如果,想,有,辉煌,的,明天,，,就要,多一些,“,高贵,的,低头,”,。
多一些,“,高贵,的,低头,”
如果,想,有,辉煌,的,明天,，,就,请,你,也,多一些,“,高贵,的,低头,”,。
读书,是,“,高贵,的,低头,”,，,“,高贵,的,低头,”,是,为了,学习,知识,，,广博,见闻,，,提高素质,，,增强,本领,，,读多,了,才能,一鸣惊人,。
让,当下,的,人,不要,沉迷于,手机,，,多,看书,才能,有所作为
如果,想,有,辉煌,的,明天,，,就,请,多一些,“,高贵,的,低头,”,。
希望,多一些,“,高贵,的,低头,”,。
想,有,辉煌,，,那么,请,多,看,一,此书
如果,想,有,辉煌,的,明天,，,就,请,你,也,多一些,“,高贵,的,低头,”,。
在生活中,，,低头,做些,有,意义,的,事情,，,多一些,“,高贵,的,低头,”,。
为,我们,不能,当,低头,族
在生活中,要,多一些,“,高贵,的,低头,”
多一些,高贵,的,低头
低头,玩,手机,不会,有,前途,，,只有,低头,读书,，,才能,有,辉煌,的,明天,。
如果,想,有,辉煌,的,明天,，,就,请,多一些,“,高贵,的,低头,”,。
读书,是,“,高贵,的,低头,”,，,玩,手机,就是,不,高贵,的,低头,。
如果,想,有,辉煌,的,明天,，,就,请,多一些,“,高贵,的,低头,”,。
让,人,多一些,“,高贵,的,抬头,”,不要,只,玩,手机
如果,想,有,辉煌,的,明天,，,就,请,你,多,看书,，,多,学习,知识,。
在,日常生活,中,很多,人,都,在,低头,看,手机,玩游戏,而,真正,有,价值,的,人才,会,看书
多一些,“,高贵,的,低头,”
表达,了,作者,希望,多一些,“,高贵,的,低头,”,少,一些,“,低头,族,”
读书,是,高贵,的,低头,要,为,自己,辉煌,的,明天,，,多一些,高贵,的,低头
“,高贵,的,低头,”,增长,知识,，,不要,总做,无用,的,“,低头,”,。,想,有,辉煌,明天,就要,努力学习,，,做,“,高贵,的,低头,”,。
作者,想,表达,我们,低头,玩,手机,的,行为,是,不好,的,。
他,见到,了,太,多,的,“,低头,族,”,，,无论,男女老少,，,几乎,人人,都,在,低头,看,手机,，,很少,有,“,高贵,的,低头,”
多,低头,看看书,，,少玩,手机
表达,要,多一些,高贵,的,低头,的,观点,。
多一些,“,高贵,的,低头,”,。
作者, ,要,表达,一个,要,多,读书,才能,进步,的,观点
主要,表达,了,我们,要,多一些,有,意义,的,事,，,多一些,“,高贵,的,低头,”
多一些,“,高贵,的,低头,”
“,高贵,的,低头,”,让,人,受到,很多,知识,，,而,仅仅,是,低头,会,让,人,变得,不学无术,。
我们,要,多,读书,，,多一些,“,高贵,的,低头,”,，,才能,有,辉煌,的,明天
我们,应该,多,读书,而,不,应该,低头,玩,手机
如果,想,有,辉煌,的,明天,，,就,请,你,多一些,“,富贵,的,低头,”,吧
如果,想,有,辉煌,的,明天,，,那,就,多,去,看看书,吧
人要,多一些,“,高贵,的,低头,”
社会,上要,多一些,爱,看书,的,人,，,我们,要,爱,看书
多一些,“,高贵,的,低头,”,。
多一些,“,高贵,的,低头,”
“,低头,族,”,人太多,了,，,而,“,高贵,的,低头,族,”,人太少,了
想,有,辉煌,的,明天,，,就,请,你,也,多一些,“,高贵,的,低头,”
我们,要,多,读书,，,少,用,手机,，,争取,成为,“,高贵,的,低头,”,的,人,。
如果,要,想,有,辉煌,的,明天,，,就要,多,低头,读说
多一些,“,高贵,的,低头,”,（,读书,）
如果,想,有,辉煌,的,明天,，,就,应该,多一些,高贵,的,低头
一个,人,的,生活,中,应该,多些,“,高贵,的,低头,”,，,去,学习,知识,，,提高素质,，,增强,本领,。
如果,想,有,辉煌,的,明王,，,就要,多一些,“,高贵,的,低头,”
低头,读书,是,“,高贵,的,低头,”,，,而,低头,玩儿,手机,不是,，,我们,要,多,“,高贵,的,低头,”,，,学习,知识,，,提高素质,。
多一些,高贵,的,低头
中国,人,低头,族,，,都,是,沉浸,在,手机,之中,，,读书人,太,少,，,满脑子,都,是,手机
作者,的,观点,是,，,让,我们,少玩,手机,，,多读,一下,书,，,这样,你,的,知识,和,成绩,也,会,提高,的
观点,是,多一些,“,高贵,的,低头,”,。
多一些,高贵,的,低头
到处,充满,了,低头,族,，,却,又,少见,有,“,高贵,的,低头,”,。
如果,想,有,辉煌,的,明天,，,就,请,你,也,多一些,高贵,的,低头,。
如果,想,有,辉煌,的,明天,，,就,请,多一些,“,高贵,的,抬头,”,。
如果,想,有,辉煌,的,，,明天,就要,多,读书
不要,低头,玩,手机,，,要,读书,而,低头,。
多一些,低头,看书,的,书,。
有,两种,“,低头,族,”,一种,是,学习,的,，,一种,是,玩游戏,、,看,电影,…,…,的
多些,“,高贵,的,低头,”,。
如果,想,有,辉煌,的,明天,，,就,请,你,也,多一些,“,高贵,的,低头,”,。
要,想,有,辉煌,的,明天,，,就要,多一些,高贵,的,低头
只有,多一些,高贵,的,低头,才,能够,建功立业,，,一鸣惊人
不要,老是,玩,手机,，,应该,要,多,说,和,多,学习,。
多一些,高贵,的,低头
少玩,手机,多,看书
如果,想,有,辉煌,的,明天,，,就,请,你,多一份,高贵,的,低头,。
应该,多一些,“,高贵,的,低头,”
作者,想,表达,大家,现在,都,在,玩,手机,，,成绩,会,下滑,，,想,让,我们,做,“,高贵,的,低头,族,”
让,我们,少玩,手机,而,多,看书
如果,想,有,辉煌,的,明天,，,请,你,也,多,看书,。
如果,想,有,辉煌,的,明天,，,就,请,你,也,多一些,“,高贵,的,低头,”,。
如果,想,有,辉煌,的,明天,，,就,请,你,也,多一些,“,高贵,的,低头,”
多一些,，,低头,读书,少,一些,，,低头,看,手机
如果,想,有,辉煌,的,明天,，,就,请,你,也,多一些,“,高贵,的,低头,”,。
如果,想,有,辉煌,的,明天,，,就,请,你,也,多一些,“,高贵,的,低头,”,。
多一些,“,高贵,的,低头,”
作者,想,表达,：,如果,想,有,辉煌,的,明天,，,就,多一些,“,高贵,的,低头,”,。
多一些,高贵,的,低头,族,。
如果,想,有,辉煌,的,明天,，,就,请,你,也,多一些,“,高贵,的,低头,”,。
我们,不要,每天,都,低头,盯,着,手机,可以,多,看看书,做出,高贵,的,低头
多一些,“,高贵,的,低头,”
不要,当,低头,玩,手机,的,低头,族,，,当低,看书,的,低头,族,，,看书,的,低头,族,是,高贵,的,低头
要,多,看书,，,少玩,手机,，,只有,看书,多,了,才能,有,好,的,未来,，,好,的,生活,。
读书,是,“,高贵,的,低头,”,，,玩,手机,不是,“,高贵,的,低头,”
要,多一些,因,学习,知识,而,低头,的,低头,，,这是,“,高贵,的,低头,”
作者,想要,表达,的,观点,是,多一些,“,高贵,的,低头,”,，,意思,就是说,，,多,看书
如果,想,有,辉煌,的,明天,，,就,请,你,也,多一些,“,高贵,的,低头,”
多一些,“,高贵,的,低头,”
如果,想,有,辉煌,的,明天,，,就,请,你,也,多一些,“,高贵,的,低头,”,。
只有,高贵,的,低头,，,多,了,，,才能,抬起,高贵,的,头,，,只有,多,看,，,才能,增长,，,见识,开阔视野,增加,才能
如果,想,有,辉煌,的,明天,，,就,请,你,也,多一些,高贵,的,低头,。
主要,是,表达,低头,族,对,生活,的,影响
文章,主要,表达,的,观点,是,生活,中,人们,把,低头,玩,手机,，,改成,“,高贵,的,低头,”,读书,。
如果,想,有,辉煌,的,明天,，,那,就,请,多一些,“,高贵,的,低头,”,。
如果,想,有,辉煌,的,明天,，,请,你,也,多一些,高贵,的,低头,。
表达,了,作者,希望,多一点,“,高贵,的,低头,”,少,一些,“,低头,族,”,的,主要,观点
对于,低头,族,，,低头,玩,看书,＃,比,低头,玩,手机,的,高贵
人要,多一些,高贵,的,低头
多一些,“,高贵,的,低头,”,。,多,读书,还,在,身体健康,上,，,这会,影响,我们,的,视力,。
低头,要,有,意义,应该,多学,一些,知识,，,这样,才能,建功立业,。
低头,玩,手机,会,影响,您,的,未来,的,发展,。,让,我们,学会,“,高贵,的,低头,”,。
我们,要,多些,“,高贵,的,低头,”,多,看书,，,帮助,我们,拥有,辉煌,的,明天,。
如果,想,有,辉煌,的,明天,，,就,请,你,也,多一些,“,高贵,的,低头,”,。
我,认为,作者,想,表达,“,如果,想,有,辉煌,的,明天,，,就,请,你,也,多一些,高贵,的,低头,”,。
如果,想,有,辉煌,的,明天,，,就,请,你,也,多一些,“,高贵,的,低头,”,。
多一点,“,高贵,的,抬头,”
多些,高贵,的,低头,。
多一些,“,高贵,的,低头,”
希望,人们,能够,多一些,“,高贵,的,低头,”,。
人们,应该,多,“,低头,”,去,学习,，,而,不是,让,“,低头,”,成为,自己,不学无术,，,贪图,玩乐,的,表现,。
如果,想,有,辉煌,的,明天,，,就,请,人们,多读,一些,书,。
如果,想,有,辉煌,的,明天,，,就,请,你,也,多一些,“,高贵,的,低头,”,。
如果,想,有,辉煌,的,明天,，,请,多一些,“,高贵,的,低头,”
如果,想,有,辉煌,的,明天,，,就,请,你,也,多一些,“,高贵,的,低头,”,。
如果,想,有,辉煌,的,明天,，,请,你,也,多一些,“,高贵,的,低头,”
如果,想,有,辉煌,的,明天,，,就,请,你,也,多一些,“,高贵,的,低头,”,。
如果,想,有,辉煌,的,明天,，,就,请,你,也,多,看,一些,书
如果,想,有,辉煌,的,明天,，,就,请,多一些,“,高贵,的,低头,”,。
《,红楼梦,》,和,低头,族,的,予意,和,思考
如果,想,有,辉煌,的,明天,，,就,请,你,也,多一些,读书,。
如果,想,有,辉煌,的,明天,，,就,请,你,也,多一些,“,高贵,的,低头,”
多一些,“,高贵,的,低头,”
多一些,“,高贵,的,低头,”
作者,主要,得,关点,是,说出,“,低头,族,”,和,“,高贵,的,低头,族,”
多一些,“,高贵,的,低头,”
如果,想,有,辉煌,的,明天,，,就,请,多一些,“,高贵,的,低头,”,。
多一些,“,高贵,的,低头,”
低头,族,大不分,都,是,在,玩,手机,，,低头,族,没有,几个,看书,的,。
关点,是,英国人,来到,中国,看到,了,一些,低头,族,玩,手机,不是,高,的,低头,，,读是,高贵,的
我,认为,作者,想,呼吁,我们,也,要,多,读书,。
要,让,我们,少玩,手机,要,多,低头,读书,。
请,多一些,“,高贵,的,低头,”,。
“,低头,族,”,和,“,高贵,的,低头,”,是,低头,玩,手机,和,低头,看书,的,观点,。
如果,想,有,辉煌,的,明天,，,就,请,你,也,也,多一些,“,高贵,的,低头
不,做,“,低头,族,”,做,“,高贵,的,低头,”,。
如果,想,有,辉煌,得,明天,，,就要,多去,低头,读书,或,学习,知识,而,只是,玩,手机
放下,手中,的,手机,，,不要,去,做,没意,的,事,，,多,看书,让,自己,的,知识,更加,丰富,。
在,日常生活,中,，,我们,不要,做,“,低头,族,”,，,要,干,一些,有用,的,事,，,为,将来,的,发展,打,好,基础,，,如果,想,有,辉煌,的,明天,，,就,请,你,也,多一些,“,高贵,的,低头,”,。
做,“,高贵,的,低头,族,”,就,会,有,辉煌,的,明天,。
多一些,“,高贵,的,低头,”
“,高贵,的,低头,”,能,让,我们,提高素质,，,开阔视野,，,知识,广博,，,所以,要,多,看书,。
人们,应该,多,看,一些,书,，,少,一些,低头,玩,手机
人们,都,该,多一些,“,高贵,的,低头,”
要,做,一个,“,高贵,的,低头,族,”
作者,想要,表达,不要,低头,去,干,那样,无用,的,事,，,干,一些,有用,的,事,才,叫,“,高贵,的,低头,”,。
拒绝,低头,族,，,多一些,“,高贵,的,低头,”
我,认为,本文,作者,主要,表达,的,是,“,这是,高贵,的,低头,”
人们,应该,多,学习,知识,，,提高素质,，,增强,本领,。
少玩,手机,多,看书
要,多一些,高贵,的,低头,，,少,一些,不,高贵,的,低头
是,以,想,让,大家,多,学习,，,观书,的,观点
既,是,高贵,的,低头,，,沉浸,在,游戏,或,韩剧,不是,高贵,的,低头
看书,是,高贵,的,低头,，,玩,手机,是,不,高贵,的,低头
通说,读书,是,高贵,的,低头,玩,手机,不是,高贵,的,低头,进行,对比,来,突出,作者,的,观点
读书,是,“,高贵,的,低头,”,，,玩,手机,就是,不,那么,高贵,的,低头,，,这,两种,决定,了,人,的,一生,。
观点,是,我们,应该,成为,高,的,低头,而,不是,成为,低头,族
“,高贵,的,低头,”,和,“,低头,族,”,的,区别
多一些,“,高贵,的,低头,”,。
读书,是,“,高贵,的,低头,”,请,多一些,“,高贵,的,低头,”,。
如果,想,有,辉煌,的,明天,，,就,请,你,也,多一些,“,高贵,的,低头,”
人们,如果,想,有,辉煌,的,明天,，,就,请,人们,也,多一些,“,高贵,的,低头,”,。
如果说,读书,是,“,高贵,的,低头,”,，,那么,那,手机,就是,不,那么,高贵,的,低头,。
要,多一些,低头,去,看书,，,少,一些,低头,玩,手机,。
如果,想要,有,辉煌,的,明天,，,就要,多一些,“,高贵,的,低头,”,，,多,读书,。
如果,想,有,辉煌,的,明天,，,请,你,也,多一些,“,高贵,的,低头,”,。
今天,多一些,“,高贵,的,低头,”,明日,可能,就,会,成功,。
在生活中,，,要,多,读书,，,这样,你,才能,拥有,辉煌,的,明天,。
多一些,读书人,，,少,一些,玩,手机,的,人,。
作者,想,让,大家,不要,再,一直,低头,玩,手机,了,要,多,看书,这样,才能,有,出息
我们,应该,用,大部分,的,时间,读书,，,而,不是,玩,手机,。
表达,出现,在,的,社会,低头,族,太,多,，,对,手机,产生,了,依赖,，,沉浸,在,游戏,中,，,多,读些,书,有益,身体,的,事
如果,想,有,辉煌,的,明天,，,就情,你,也,多一些,“,高贵,的,低头,”,。
读书,是,“,高贵,的,低头,”,。
如果,想,有,辉煌,的,明天,，,请,多一点,“,高贵,的,低头,”,。
如果,想,有,辉煌,的,明天,，,就,请,你,也,多一些,“,高贵,的,低头,族,”,。
人要,多一些,“,高贵,的,低头,”,，,指,的,是,要,让,人们,多,读书,、,学习
主要,是,说,，,要,多,读书,，,少玩,手机,，,同样,是,低头,族,，,但是,成就,不,一样,。
希望,我们,能,多一些,“,高贵,的,低头,”
如果,想,有,辉煌,的,明天,，,就,请,多一些,“,高贵,的,低头,。
高贵,的,低头,才,是,为了,将来,能,抬起,高贵,的,头,。
生活,中应,多处,一些,高贵,的,低头
人要,做,“,高贵,的,低头,族,”
作者,都,在,将,“,低头,族,”,和,“,高贵,的,低头,”,。
如果,想,有,辉煌,的,明天,，,就,请,你,也,多一些,“,高贵,的,低头,”,。
平常人,也,要,向,高贵,人,学习
要,多,读书,，,少玩,手机
“,高贵,的,低头,”,是,为了,学习,知识,，,广博,见闻,，,提高素质,，,增强,本质
不要,做,“,低头,族,”,我们,要,“,高贵,的,低头,”
多一些,“,高贵,的,低头,”,，,少,一些,“,低头,族,”,。
如果,想,有,辉煌,的,明天,，,就,请,你,也,多一些,“,高贵,的,低头,”,。
如果,想,有,辉煌,的,明天,，,就,多一些,高贵,的,低头
低头,可以,但,一定,要,做,一些,有,意义,的,事,多,看看书,对,自己,有,好处
多一些,“,高贵,的,低头,”
我们,要,做,高贵,的,低头
多一些,“,高贵,的,低头,”,，,即要,多,读书,，,少玩,手机,。
如果,想,有,辉煌,的,明天,，,就,请,他,也,多一些,高贵,的,低头
本文,作者,认为,看书,为,“,高贵,的,低头,”,，,玩,手机,就,不是,所谓,的,高贵,了,。
做,“,高贵,的,低头,族,”,。
我们,要,多,低头,看书,，,少,低头,看,手机
运用,了,举例,论证,法,，,真实,具体,地,论述,了,“,读书,是,高贵,地,低头,”,。
如果,想,有,辉煌,的,明天,，,就,请,你,也,多一些,“,高贵,的,低头,”,。
如果,想,有,辉煌,的,明天,，,就,请,你,也,多一些,“,高贵,的,低头,”
如果,想,有,辉煌,的,明天,，,就,请,你,也,多一些,高贵,的,低头
多一些,“,高贵,的,低头,”
如果,想,有,辉煌,的,明天,，,请,你,多一些,“,高贵,的,低头,”,。
要,多一些,“,高贵,的,低头,”,。
如果,想,有,辉煌,的,明天,，,就,请,你,也,多一些,“,高贵,的,低头,”
多一些,“,高贵,的,低头,”
如果,想,成就,不,平凡,事业,，,想,有,辉煌,的,明天,，,就要,多一些,“,高贵,的,低头,”
长期,而,自觉,的,阅读,会,使,我们,拥有,高贵,的,见解,，,高贵,的,谈吐,，,高贵,的,举止,，,高贵,的,容仪,，,成为,一个,高雅,的,人
为了,美好,的,未来,，,希望,大家,能够,多,学习,知识,，,广博,见闻,的,低头,看书,而,不是,玩,着,手机,。
如果,想,有,辉煌,的,明天,，,就,请,你,也,多一些,“,高贵,的,低头,”,。
如果,想,有,辉煌,的,明天,，,就要,多一些,高贵,的,低头
人要,多一些,“,高贵,的,低头,”,。
社会,上,多一些,“,高贵,的,低头,。,”,多,读书,，,少玩,手机,。
多一些,“,高贵,的,低头,”
如果,想,有,辉煌,的,明天,，,就,请,你,也,多一些,“,高贵,的,低头,”
不要,做,低头,族,，,不要,把,时间,浪费,在,无用,的,手机,上,，,多,看书,才,是,真,道理,。
人们,要,多,读书,，,才能,有,辉煌,的,明天,，,热爱,读书,才能,取得成功,。
“,高贵,的,低头,族,”,与,“,低头,族,”,的,区别
多一些,“,高贵,的,低头,”
如果,想,有,辉煌,的,明天,，,就,请,你,也,多一些,“,高贵,的,低头,”
多一些,“,高贵,的,低头
如果,想,有,辉煌,的,明天,，,就,请,你,也,多一些,“,高贵,的,低头,”,。
如果,想要,有,辉煌,的,明天,，,就,请,你,也,多一些,“,高贵,的,低头,”,。
如果,想,有,辉煌,的,明天,，,就,请,你,也,多一些,“,高贵,的,低头,”,。
多一些,“,高贵,的,低头,”
低头,族,，,让,人,变得,笨绌,，,玩游戏,的,人变,的,低
作者,要,表达,的,观点,是,，,不要,做,“,低头,族,”,，,如果,想,有,辉煌,的,明天,，,就要,多,看书,。
本文,作者,只要,表达,低头,玩,手机,和,低头,看书,的,观点,。
作者,表达,了,社会,多些,“,高贵,的,低头,”,时,为了,学习,知识,，,广博,见闻,，,提高素质,，,增强,本领,的,观点,。
多一些,“,高贵,的,低头,”
要,多一些,”,高贵,的,低头,“
希望,人们,可以,多一些,“,高贵,的,低头,”,。
希望,人们,放在,手机,多,读读书,。,也,就是,高贵,的,低头,。
想要,有,辉煌,的,明天,，,就,请,你,也,多一些,“,高贵,的,低头,”,。
多,读书,，,少,玩游戏
“,低头,族,”,的,注意,和,思考,—,—,如果,想,有,辉煌,的,明天,，,就,“,请,你,也,多一些,”,高贵,的,低头,”
如果,想,有,辉煌,的,明天,，,就,请,你,也,多一些,“,高贵,的,低头,”
表答,“,高贵,的,低头,”,是,好,的,，,而,“,低头,族,”,是,不好,的,现象,。
“,低头,族,”,人太多,，,“,高贵,的,低头,族,太少,”
多一些,高贵,的,低头
如果,你,想,辉煌,的,明天,，,就,请,你,也,多一些,“,高贵,的,低头,”,。
让,人们,少,低头,看,手机,，,在,课上,不,低头,，,在,课下,可以,“,高贵,的,低头,”,看书,。
如果,有,辉煌,的,明天,，,就,请,高贵,的,低头
如果,想,有,辉煌,的,明天,，,就,请,你,也,多一些,“,高贵,的,低头,”,。,表明,了,作者,让,人们,多,看书,。
多一些,“,高贵,的,低头,”
多一些,“,高贵,的,低头,”
如果,想,有,辉煌,的,明天,，,就,请,你,也,多一些,“,高贵,的,低头,”
不要,总是,低头,看,手机,，,要,努力,地,学习,。
多一些,“,高贵,的,低头,”
多一些,“,高贵,的,低头,”,。
让,年轻人,多,低头,看书,，,而,不是,在,一个,“,电子,垃圾,”,上,浪费,青春
如果,想,有,辉煌,的,明天,，,请,你,多一些,“,高贵,的,低头,”,。
如果,想,有,辉煌,的,明天,，,就,请,你,也,多一些,“,高贵,的,低头,”,。
“,低头,族,”,影响,学业,乃至,事业,，,只有,“,高贵,的,低头,”,才,会,建功立业,，,一鸣惊人,。
如果,想,有,辉煌,的,明天,，,就,请,你,多些,高贵,的,低头
如果,想,有,辉煌,的,明天,，,就,请,你,也,多一些,“,高贵,的,低头,”,。
如果,想,有,辉煌,的,明天,，,就,请,多一些,“,高贵,的,低头,”,。
如果,有,辉煌,的,明天,，,请,你,也,多一些,“,高贵,的,低头,”
不要,常,低头,玩,手机,，,若想,有,辉煌,未来,，,就,多一点,“,高贵,的,低头,”,，,多,读书,。
如果,想,有,辉煌,的,明天,，,就,请,你,也,多一点,“,高贵,的,低头,”,。
多,“,高贵,的,低头,”
我们,要少,玩,电子产品,，,我们,不要,做,低头,，,我们,要,做,就,就,高贵,的,低头,。
我们,要,多一些,“,高贵,的,低头,”,，,这样,才能,有,辉煌,的,明天,。
多一些,“,高贵,的,低头,”
多些,“,高贵,的,低头,”,，,“,高贵,的,低头,”,指,低头,读书,。
如果,想,有,辉煌,的,明天,，,就,请,你,也,多一些,高贵,的,低头
如果,想,有,辉煌,的,明天,，,就,请,你,也,多一些,“,高贵,的,低头,”,。
多一些,“,高贵,的,低头,”
如果,想,有,辉煌,的,明天,，,就,请,你,也,多一些,“,高贵,的,低头,”,。
我,认为,作者,主要,表达,着,提高,学生,的,学习,效率,。
低头,族,的,危害,和,高贵,的,低头,的,好处,，,让,多一些,高贵,的,低头
如果,想,有,辉煌,的,明天,，,就,请,你,也,多一些,“,高贵,的,低头,”,。
多一些,“,高贵,的,低头,”
多一些,“,高贵,的,低头,”,。
大家,不要,老玩,手机,，,要,多,看书,。
请,多一些,“,高贵,的,低头,”,。
多一些,高贵,的,低头
如果说,读书,是,“,高贵,的,低头,”,，,那么,，,玩,手机,就是,不,那么,高贵,的,低头,。
“,高贵,的,低头,”,可以,改变,人生
如果,想,有,辉煌,的,明天,，,就,请,你,也,多一些,“,高贵,的,低头,”,。
人要,多读,一些,书,，,少玩,手机游戏
我,认为,作者,的,观点,是,，,人,要是,低头,就要,高贵,的,低头,，,比如说,：,为了,学习,，,为了,读书,而,低头,，,不要,为了,打游戏,，,看,韩剧,而,低头,。
不要,把,低头,用,在,手机,上,，,要,将,其用,在,书籍,上面,。
作者,表达,“,请,多一些,高贵,的,低头,”,的,观点
如果说,：,“,读书,还是,高贵,的,低头,，,那么,玩,手机,就是,不,那,高贵,的,低头,。
如果,想,有,辉煌,的,明天,，,就,请,你,也,多一些,高贵,的,低头,。
让,我们,做,一个,“,高贵,的,低头,族,”
如果,想,有,辉煌,的,明天,，,就,请,你,也,多一些,“,高贵,的,低头,。
让,那些,“,低头,族,”,变成,“,高贵,的,低头,族,”,。
如果,想要,有,辉煌,的,明天,，,就,请,你,也,多一些,“,高贵,的,低头,：,。
我们,要,多一些,“,高贵,的,低头,”,。
我们,要,多,读书,，,广博,见闻,，,提高素质,，,增长,本领,，,如果,想,有,辉煌,，,就,多一些,高贵,低头,。
作者,对,低头,族,的,看法
表达,作者,想,让,更,多,人,“,高贵,的,低头,”,的,观点
作者,表达,的,论点,是,多一些,“,高贵,的,低头,”,，,才能,有,辉煌,的,明天,。
作者,主要,表达,的,观点,是,如果,想,有,辉煌,的,明天,，,就,请,多一些,“,高贵,的,低头,”,。
要,增大,所有人,的,抬头,率
要,多,看书,，,还有,做,一个,玩,手机,的,“,低头,族,”,，,做,一个,“,高贵,的,低头,族,”
多,看书,，,多,读书,。
我们,为什么,会,有,那么,多,低头,族,呢,？,请,人们,多,做,一些,高贵,的,低头,族,。
多一些,“,高贵,的,抬头,”,让,自己,更,有,学问,。
如果,想,有,辉煌,的,明天,，,我们,应该,多,读书,、,少看,手机,。
作者,希望,多些,低头,是,为了,学习,知识,的,人,。
我们,要,“,低头,”,也,是,要,“,高贵,的,低头,”,，,才,会,拥有,美好,的,未来,。
如果,想,有,辉煌,的,明天,，,就,请,你,也,多一些,“,高贵,的,低头,”,。
但愿,她,看到,的,现象,也,会,引起,众多,“,低头,族,”,的,注意,和,思考,，,如果,想,辉煌,的,明天,，,就,多一些,“,富贵,的,低头,”
希望,可以,所有,的,人,能,多,读书,。
低头,族,与,高贵,低头,族,的,不,一样,。
我们,要,多一些,",高贵,的,低头,“
多一些,“,高贵,的,低头,”
多一些,“,高贵,的,低头,”
多一些,“,高贵,的,低头,”
多一些,“,高贵,的,低头,”
多一些,“,高贵,的,低头,”
如果,想,有,辉煌,的,明天,，,就,请,你,也,多一些,“,高贵,的,低头,”,。
读书,是,“,高贵,的,低头,”,玩游戏,不是,为了,学习,，,是,“,低头,族,”
可以,周末,在,家里,看电视,的,韩剧,，,聊天,可以,见面,聊,，,打游戏,也,要,适度,而行,。
如果,想,有,辉煌,的,明天,，,就,请,你,也,多一些,“,高贵,的,低头,”,。
低头,玩,手机,和,低头,看书
人想,有,学问,，,取得,成就,，,就要,多,读书
“,高贵,的,低头,”,是,为,学习,知识,，,广博,见闻,，,提高素质,，,增强,本领,。
影响,可以,说,非常,广泛,的,，,过多,无用,的,低头,，,不仅,危害,学习,，,更是,在,害,你,的,生命,与,金钱,。
“,高贵,的,低头,”,可以,让,我们,有,辉煌,的,明天,。
想,让,大家,成为,“,高贵,的,低头,族,”,。
“,高贵,的,低头,”,是,为了,学习,知识,，,提高素质,，,这样,将来,才能,抬起,头,。
如果,想,有,辉煌,的,明天,，,就,请,你,也,多一些,“,高贵,的,低头,”,。
人们,不要,再,低头,玩,手机,，,看电视,，,应当,认真学习,，,才能,成就,大业
要,提高,高,抬头,率,，,减,尽量减少,低头,族,。
玩,手机,会,影响,学习
如果,想,有,辉煌,的,明天,，,就,请,你,多一些,“,高贵,的,低头,”
多多,看书,，,不,把,时间,全部,浪费,在,玩,手机,上,，,做,一个,“,高贵,的,低头,族,”,。
作者,想要,我们,高贵,的,头,抬起,来,，,不要,总是,低头,玩,手机,，,要,低头,就要,看书,，,才,是,“,高贵,的,低头,”
作者,想要,表达,现在,很多,的,人,在,任何,时候,都,在,低头,玩,手机,，,对,社会,造成,了,不良影响
不能,老,低头,玩,手机,，,而是,要,多一些,老,低头,学,知识,的,人,。
我们,应该,多,读书
多一些,“,高贵,的,低头,”
多一些,“,高贵,的,低头,”
如果,想,有,辉煌,的,明天,，,就,请,你,多一些,“,高贵,的,低头,”
我们,要,高贵,的,低头,，,不要,想着,老玩,电子游戏
太,多,低头,族,玩,手机,和,看,韩剧,等,。
通过,“,高贵,的,低头,”,和,“,不,那么,高贵,的,低头,”,来,使,那些,低头,族,注意,多一些,书籍,，,多,认真,听,老师,讲课,。
高贵,的,低头,和,那些,低头,族,的,区别
如果说,读书,是,“,高贵,的,低头,”,，,那,老王,手机,就,不是,那么,高贵,的,低头
我们,要,多一些,高贵,的,低头
“,低头,族,”,如果,想,有,辉煌,的,明天,，,就,请,你,也,多一些,“,高贵,的,低头,”,。
少玩,手机,，,多,看书
作者,认为,在,低头,族,这方面,，,也,分,高贵,的
多一些,能够,低头,读书,的,人少,一些,低头,看,手机,的,人,。
使,人们,“,高贵,的,低头,”,不是,在,玩,手机,，,而是,学习,事物,，,本领,等
如果,想,有,辉煌,的,明天,，,就,请,你,也,多一些,“,高贵,的,低头,”,。
现在,的,人,玩,手机,的,太,多,，,看书,的,太少,。,低头,率太低,了
都,是,昂贵,的,低头
如果,想,有,辉煌,的,明天,，,就,请,你,也,多一些,“,高贵,的,低头,”,。
如果,想,有,辉煌,的,明天,，,就,请,你,多一些,“,高贵,的,低头,”,。
低头,有,高贵,与,通俗,之分,，,要,低头,就,多,去,学习,知识,少去,做,无,意义,的,事
只有,“,高贵,的,低头,”,才能,在,将来,让,你,的,头,抬起,来
多一些,“,高贵,的,低头,”,（,多,读书,）,才,会,有,辉煌,的,明天,。
多一些,“,高贵,的,低头,”
不要,老是,玩,手机,，,要,多,读书,，,丰富,自己,的,精神,。
多一些,“,高贵,的,低头,族,”
如果,想,有,辉煌,的,明天,，,请,你,也,多一些,高贵,的,低头,。
作者,想,表达,现在,的,“,低头,族,”,太,多,，,而,读书,的,人太少,了,，,想,让,人们,多读,点书,多长,见识,。
现在,的,人,动不动,就,看,手机,，,作者,希望,我们,能,多,看看书
如果,想,有,光辉灿烂,的,明天,，,就,请,你,也,多一些,“,高贵,的,低头,”
让,社会,多一些,“,高贵,的,低头,族,”,，,少,一些,“,低头,族,”,。
如果,想,有,辉煌,的,明天,，,就,请,你,也,多一些,“,高贵,”,的,低头,。
如果,想,有,辉煌,的,明天,，,就,请,你,也,多一些,“,高贵,的,低头,”,。
让,我们,多,看书,，,少玩,手机
要,想,有,好,的,明天,，,就,应该,“,高贵,的,低头,”
多一些,“,高贵,的,低头,”
如果,想,有,辉煌,的,明天,，,就,请,你,也,多一些,“,高贵,的,低头,”
多一些,“,高贵,的,低头,”,。
如果,想,有,辉煌,的,明天,，,请,多一些,学习,看书,的,时间,。
多一些,“,高贵,的,低头,”,。
作者,主要,表达,活,##,学到老,。
作者,主要,表达,那些,低头,族,和,“,高贵,的,低头,族,”
多一些,高贵,的,低头,，,将,自己,的,事业,发展,起,，,用,知识,换取,社会,的,信任,。
低头,读书,的,人,很少,，,玩,手机,的,人,却,很多
“,高贵,的,低头,”,既,是,对,人类文明,书籍,的,赞誉,，,更是,对,读书,这一,高雅,的,行为,。
“,高贵,的,低头,”,，,是,为了,学习,知识,；,将,阿里,才能,抬起,“,高贵,的,头,”,，,建功立业,。
看,手机,和,看书
如果,想,有,辉煌,的,明天,，,就,#,也,多一些,高贵,的,低,高,。
人要,多一些,“,高贵,的,低头,”
到底,是,人,的,位置,影响,了,行为,还是,人,的,行为,影响,了,位置
作者,主要,的,观点,是,：,“,低头,族,”,的,注意,和,思考,—,—,如果,想,有,辉煌,的,明天,，,就,请,你,也,多一些,“,高贵,的,低头,”,。
多一些,“,高贵,的,低头,”,，,及,帮助,了,你,自己,，,也,帮助,了,那些,低头,打游戏,的,人,重新,站,起来,。
多,读书,，,就,会,有,辉煌,的,明天,。
如果,想,有,辉煌,的,明天,，,就,请,你,也,多一些,“,高贵,的,低头,”
如果,想,有,辉煌,的,明天,，,就,请,你,也,多一些,高贵,的,低头
如果,有,辉煌,的,明天,，,请,你,也,多一些,“,高贵,的,低头,”
我们,要,做,“,高贵,的,低头,族,”
请,多一些,“,高贵,的,低头,”,。
少,一些,看,手机,的,低头,族,，,多一些,看书,的,低头,族,。
如果,想,有,辉煌,的,明天,，,就,请,你,多一些,“,高贵,的,低头,”
表述,了,低头,族,的,人,也,是,分,高贵,与,平庸,的,，,希望,人们,多一些,“,高贵,的,低头,。,”
要,表达,：,我们,应该,多一些,高贵,的,低头
本文,想要,表达,生活,中要,多一些,“,高贵,的,低头,”,不要,沉浸,在,手机,的,世界,里,，,往往,这些,影响,了,一生,。
如果,想,有,辉煌,的,明天,，,就,请,你,也,多一些,“,高贵,的,低头,”,。
有,很多,人,都,在,做,低头,族,，,有,的,人,却,在,做,“,高贵,的,低头,族,”
请,多一些,“,高贵,的,低头,”,。
多一些,“,高贵,的,低头,”
想,有,辉煌,的,明天,，,就,请,多一些,“,高贵,的,低头,”,。
如果,想,有,辉煌,的,明天,，,就,请,你,也,多一些,“,高贵,的,低头,”,。
如果,想,有,辉煌,的,明天,就,请,你,也,多一点,“,高贵,的,低头,”,。
作者,要,我们,少玩,手机,一类,的,东西,要,多,看书
多,低头,读,一些,书,，,才能,有,辉煌,的,明天
多一些,“,高贵,的,低头,”,；,如果,想,有,辉煌,的,明天,就,请,你,也,多一些,“,高贵,的,低头,”,。
读书,使,我们,有,辉煌,的,成就,，,并且,影响,了,我们,的,行为,。
人们,应该,多一些,“,高贵,的,低头,”
当今,的,社会,太多,的,人,成为,“,低头,族,”,，,表达,了,坐,着,对此,的,不满,。
多一些,“,高贵,的,低头,”
玩,手机,的,人太多,了,，,高贵,的,低头,几乎,没有,。
主要,表现,在,社会,读书人,太,少,，,放眼,放去,都,在,“,专心致志,”,的,玩,着,手机,。
如果,有,辉煌,的,明天,，,就,请,你,也,多,看,一些,书
①,分明,高贵,的,低头,和,低头,族,的,分别,②,这,两种,低头,族,的,分别,。
要,做,一个,高贵,的,低头,族,。
如何,学会,高贵,的,低头,，,也,在,用,实际,话语,来,减少,低头,族,。
要,表达,那些,一鸣惊人,的,人,，,不要,表现,的,比较,高贵,，,人,和,人,都,是,一样,的,。
如果,想,有,辉煌,的,明天,，,就,请,你,也,多一些,“,高贵,的,低头,”
如果,是,低头,就,应该,多,看看书,不要,将,自己,有限,的,时间,，,全部,浪费,在,手机,上
本文,作者,表达,了,不能,因为,低头,看,手机,而,耽误,学习,，,我们,应,低头,看书,，,而是,高贵,的,低头
①,作者,认为,要,多一些,低头,看书,，,而,不是,手机,的,“,高贵,的,低头,”,②,作者,认为,要,将,这些,低头,看,手机,的,人,改正过来,。
麦克法,兰在,低头,面前,加,形容词,高贵,的,，,既,是,对,人类文明,书籍,的,赞誉,，,更是,对,读书,这一,高贵,行为,的,褒奖,。
如果,想,有,辉煌,的,明天,，,就,请,你,也,多一些,“,高贵,的,低头,”
如果,想,有,辉煌,的,明天,，,就,请,你,也,多一些,高贵,的,低头,。
多一些,“,高贵,的,低头,”
少,一些,低头,族,，,多一些,高贵,的,低头,。
高贵,的,低头
少玩,手机,电脑,，,多读,一些,书,。
高贵,的,人,不,一定,很,好,，,而,又,良好,的,心德,品质,。
表达,了,作者,对,社会,中,低头,族,的,观点,。
多一些,“,高贵,的,低头,”
多一些,“,高贵,的,低头,”
多一些,高贵,的,低头
在,谈书,，,学习,知识,，,广博,见闻,，,提高素质,这是,“,高贵,的,低头,”,。
多一些,高贵,的,低头
多一些,“,高贵,的,低头,”
少看,手机,，,多,读书
做,“,高贵,的,低头,族,”
请,大家,多一点,“,高贵,的,低头,”,，,而,不是,成为,“,低头,族,”,。
高贵,的,低头
读书,是,“,高贵,的,低头,”,，,玩,手机,就是,不,那么,高贵,的,低头,。
“,高贵,的,低头,”,只,为了,学习,知识,，,广博,见闻,，,提高素质,，,增强,本领,，,多一些,“,高贵,的,低头,”
不要,因为,玩,手机,就,把,我们,宝贵,的,书籍,忘,的,一干二净
多一些,“,高贵,”,的,低头,，,呼吁,大家,多,看书,，,少玩,手机,。
在生活中,应,多一些,“,高贵,的,低头,”,而,不是,低头,去,做,没有,意义,的,事情,。
如果,想,有,辉煌,的,明天,，,就,请,你,也,多一些,“,高贵,的,低头,”
我们,应该,放弃,打游戏,或,韩剧,，,在,空闲,时多,读书,，,增长,能力,。,做,“,高贵,的,低头,族,”,才,会,有,辉煌,的,明天,。
如果,想,有,辉煌,的,明天,，,就,请,你,也,多一些,“,高贵,的,低头,。,”
不要,沉迷于,手机,，,多一些,“,高贵,的,低头,”
“,低头,族,”,的,注意,和,思考,-,如果,想,有,辉煌,的,明天,，,就,请,你,也,多一些,“,高贵,的,低头,”
多一些,“,高贵,的,低头,”,，,少,一些,做,“,低头,族,”,的,人
如果,想,有,辉煌,的,明天,，,就,请,你,也,多一些,高贵,的,低头,。
如果,想,有,辉煌,的,明天,，,就,请,你,也,多一些,“,高贵,的,低头,”
要,多,读书,，,少玩,手机,等,电子产品,。
如果,想,有,辉煌,的,明天,，,就,请,你,也,多一些,“,高贵,的,低头,”
不要,经常,低头,玩,手机,，,玩,手机,不能,成就,大事,，,多,低头,去,看看书,。
多一些,“,高贵,的,低头,”
要,“,高贵,的,低头,”,不要,沉迷于,手机,，,游戏,。,要,多,看书,，,多,学习,。
多一些,“,高贵,的,低头,”
多一些,高贵,的,低头
要,多一些,“,高贵,的,低头,”,。
我们,要,多些,“,高贵,的,低头,”,。
如果,想,有,辉煌,的,明天,，,就要,多一些,“,高贵,的,低头,”
看书,时,的,低头,和,玩,手机,时,低头,是,不,一样,的
高,低头,族,的,生活
我们,应该,多去,读书,，,不,应该,玩,手机,，,要,玩,手机,的话,也,应该,有,时间,，,到,时间,就,不,可以,玩,了,。
本文,作者,主要,表达,的,观点,是,“,如果,想,有,辉煌,的,明天,，,就,请,你,也,多一些,‘,高贵,的,低头,’,”,。
低头,看书,的,人,和,低头,看,手机,的,人,以后,的,成就,会,不,一样,，,低头,看书,的,人,以后,会,有,好,的,工作,而,低头,看,电影,的,却,不,一样,。
多一些,“,高贵,的,低头,”
高贵,的,低头,和,低头,族,的,比较
表达,着,要,让,我们,成为,高贵,的,低,而,不是,低头,玩,。
如果说,读书,是,“,高贵,的,低头,”,，,那么,，,玩,手机,，,就是,不,那么,高贵,的,低头,。
如果,想,有,辉煌,的,明天,，,就,请,你,也,多一些,“,高贵,的,低头,”,。
多一些,读书,的,低头
多一些,“,高贵,的,低头,族,”
要,多一些,“,高贵,的,低头,”
作者,要,表达,要,想,有,辉煌,的,明天,，,要,多一些,“,高贵,的,低头,族,”
作者,主要,表达,我们,要,多,读书,，,少,浪费时间,玩,手机
请,我们,也,多一些,“,高贵,的,低头,”
我们,要,多一些,“,高贵,的,低头
多一些,低头,读书,的,人,。
如果,想,有,辉煌,的,明天,，,就,请,你,也,多一些,“,高贵,的,低头,”,。
如果,想,有,辉煌,的,明天,，,就,请,你,也,多一些,“,高贵,的,低头,”,。
现在,低头,族,太,多,，,低头,是,在,玩,手机,打游戏,而,不是,低头,学习,看书,。
要,多,读书
只有,为了,学习,的,低头,才,是,高贵,的,，,我们,应该,多,高贵,的,低头,，,只有,这样,，,我们,才能,成功,。
作者,想要,中国,少,一些,“,低头,族,”,多一些,“,高贵,的,低头,族,”,也,就是,多,看,一,看书
少玩,一些,手机,，,多读,一些,说
作者,想,让,人们,多,读书,，,而,不是,玩,手机,，,两种,都,是,在,低头,，,却,意义,不,一样,，,玩,手机,会,影响,事业,和,学习,。
在,现在,的,社会,应该,多一些,“,高贵,的,低头,”,。
如果,想,有,辉煌,的,明天,，,就,请,你,也,多一些,“,高贵,的,低头,”,。
多一些,“,高贵,的,低头,”,少,一些,“,低头,族,”,。
如果,想,有,辉煌,的,明天,，,就,请,你,也,多一些,“,高贵,的,低头,”
如果,想,有,辉煌,的,明天,，,就,请,你,也,多一些,“,高贵,的,低头,”,。
我们,要,低头,干些,正事,不能,在,那,玩,手机,，,看,韩剧,，,要,拿,一,本书,在,那,看,，,因为,你,可以,学到,知识,，,低头,打游戏,，,看,韩剧,不会,学到,知识,。
我们,应,多一些,“,高随,的,低头,”,—,—,—,读数,、,学习,，,少玩,手机,。
我们,要,多一些,高贵,的,低头,。
如果,想要,有,辉煌,的,明天,，,就要,多一些,“,高贵,的,低头,”
如果,想要,有,辉煌,的,明天,，,就,请,你,对,一些,高贵,的,低头,。
低头,不要,去,玩,手机,而是,去,读书,，,多一些,“,高贵,的,低头,”
我们,应该,多读,一些,书,，,少玩,一些,游戏,。
如果,想,有,辉煌,的,明天,，,就,请,你,也,多一些,“,高贵,的,低头,”
现在,许多,人,都,在,低头,玩,手机,，,而,不是,低头,读书,。
如果,你,想,有,辉煌,的,明天,，,就,请,你,也,多一些,“,高贵,的,低头,”,。
不要,做,“,低头,族,”,要,做,“,高贵,的,低头,”,。
现在,的,人们,大多,都,是,低着头,玩,手机,这,是,不,正确,的,，,应该,”,高贵,“,的,低头,看书,。
我们,要,多一些,“,高贵,的,低头,”,，,少,一些,“,低头,族,”,才能,获得成功,。
在,社会,上,一些,有,地位,的,人,，,一般,都,是,些,高贵,的,低头,族,，,让,我们,成为,一个,高贵,的,低头,族,。
应该,多一些,“,高贵,的,低头,”,，,少,一些,“,低头,族,”
“,低头,族,”,影响,了,学业,和,事业,。
让,我们,多,读书
不要,一直,做,“,低头,族,”,，,也,要,做,一些,“,高贵,的,低头,”,。
学生,多,读书,少玩,手机,。
如果,想,有,辉煌,的,明天,，,就,请,你,也,多一些,高贵,的,低头,。
主要,表达,了,多点,“,高贵,的,低头,”,不要,做,“,低头,族,”
当,低头,族,，,不如,当,高贵,的,低头,族,。
表达,的,观点,不要,总,低头,玩,手机,，,应该,多些,低头,看书,。
“,高贵,的,低头,”,对,我们,很,重要,。
做,“,低头,族,”,就要,做,“,高贵,的,低头,族,”
不要,因小失大,，,为了,手机,低下,自己,的,头颅,，,要,为了,知识,低下,头颅,，,才,是,当今社会,的,热门,。
如果,想,有,辉煌,的,明天,，,“,就,请,你,也,多一些,高贵,的,低头,”,。
低头,族,太,多,了,但,高贵,的,低头,族,太少,了
作者,想,表达,出,不要,老看,手机,，,要,多,看书,，,多一些,“,高贵,的,低头,”,。
要,读书,不能,天天,玩,电机
如果,希望,自己,有所,成就,，,就,希望,你,多一些,高贵,的,低头,。
人类,低头,是,为了,学习,知识,，,而,现在,的,很多,人,低头,是,为了,玩,手机,。
多一些,“,高贵,的,低头,”,。
少玩,手机,，,多,读书,，,做,一个,“,高贵,的,低头,族,”,。
少,低头,玩,手机,，,多,读书,。
我们,要,学会,做,高贵,的,低头,才,会,有,辉煌,的,明天
作者,想,表达,少,一些,不,高贵,的,低头,（,玩,手机,）,为了,知识,学习,低头,才,是,高贵,的,低头
要,做,“,高贵,的,低头,族,”,。
如果,想,有,辉煌,的,明天,，,请,多一些,“,高贵,的,低头,”,。
要,做,“,高贵,的,低头,族,”,低下头,看书,要,比,低下头,玩,手机,好,，,因为,可以,获得,知识,。
“,低头,族,”,的,现象,，,呼吁,做,高贵,的,“,低头,族
如果,想,有,辉煌,的,明天,，,就,请,你,也,多一些,“,高贵,的,低头,”,。
我们,应该,多,看,一些,书少,玩,手机
玩,手机,是,“,低头,族,”,，,而,看书,低头,是,“,高贵,的,低头,”,。
我们,应该,低下,高昂,的,头
多,读书,才能,有,辉煌,的,明天,。
要,养成,“,低头,”,读书,的,习惯,，,而,不是,“,低头,”,玩,手机,。
如果,想,有,辉煌,的,明天,，,请,你,多一点,“,高贵,的,低头,”
如果,想,有,辉煌,的,明天,，,就,请,你,也,多一些,“,高贵,的,低头,”,。
为,知识,不,低头,的,人,是,“,高贵,的,低头,”,，,只有,“,高贵,的,低头,”,，,才能,成就,辉煌,的,明天,。
希望,我们,多一些,“,高贵,的,低头,”,。
要,多,看书,，,少玩,手机
多一些,“,高贵,的,低头,”
如果,想,有,辉煌,的,明天,，,就,多一点,“,高贵,的,低头,”,。
讽刺,现今,社会,上,的,那些,低头,玩,手机,的,那些,人,，,也,去,称赞,那些,低头,看书,的,人,。
我们,要少,玩,手机
告诉,我们,少玩,手机,，,多,看看书,。
多一些,“,高贵,的,低头,”
如果,想,有,辉煌,　,的,明天,，,就,请,你,也,多一些,“,高贵,的,低头,”,。
我们,应多,读书,。
如果,想,有,辉煌,的,明天,，,就,请,你,也,多一些,“,高贵,的,低头,”,。
如果,想,有,辉煌,的,明天,，,就,请,你,多一些,“,高贵,的,低头,”
低头,来看,有用,的,东西,就算,是,高贵,的,低头,。
本文,作者,主要,表达,了,不要,“,低头,”,玩,手机,，,要,“,低头,”,读书,的,观点,。
人要,学会,高贵,的,低头,。
要,做,一名,高贵,的,低头,族
低头,族,有,两种,一生,中是,高贵,的,一种,是,不,高贵,的
我们,应该,高贵,的,低头
我们,要,做,“,高贵,的,低头,”,而,不是,做,一个,“,低头,族,”
低头,的,原因,：,低头,是,在,玩,手机,和,看电视,，,所以,要,减少,它,。
我们,要,在生活中,多一些,“,高贵,的,低头,”
要,高度,的,低头,，,不要,总,低头,看,手机,。
如果,想,有,辉煌,的,明天,，,就,请,你,多一些,“,高贵,的,低头,”
要,想,有,辉煌,的,明天,，,就,请,多一些,“,高贵,的,低头,”
如果,想,有,辉煌,的,明天,，,就,多一些,“,高贵,的,低头,”,。
多一些,“,高贵,的,低头,”,（,读书,）
我们,要,沉迷于,学术,中,，,而,不是,一味,的,玩,手机,。
作者,想,表达,，,低头,不是,用来,玩,手机,的,，,是,要,用来,学习,的,，,要,低头,就要,“,高贵,的,低头,”,去,学习,知识,，,提高素质,。
不要,老,低头,玩,手机,，,看,手机,，,别作,“,低头,族,”,，,多,低头,看看书,作个,“,高贵,的,低头,族,”
多,了,“,高贵,的,低头,”,能,让,未来,的,我们,抬起,头,。,少,了,“,高贵,的,低头,”,会,让,我们,的,未来,抬起,头,。
我们,只有,读书,才,会,有,好,的,生活,以及,工作
只要,低头,认真读书,，,都,是,“,高贵,的,低头,”,，,所有,的,事,都,是,在,看,你,是不是,在,高贵,的,低头,而,起,的,。
低头,要,高贵,的,低头,不要,沉迷于,游戏,的,低头,。
如果,想,有,辉煌,的,明,，,就,请,你,也,多一些,“,高贵,的,低头,”
如果,想,有,辉煌,的,明天,，,就,请,你,多一些,“,高贵,的,低头,”
多一些,“,高贵,的,低头,”,，,多,读书,，,少玩,手机
这,篇文章,阐述,了,什么,叫,高贵,的,低头,，,高贵,的,低头,在,学,知识,，,而,不,高贵,的,低头,是,不学无术,的,。
如果说,读书,是,高贵,的,低头,，,那么,玩,手机,就是,不,那么,高贵,的,低头,。
如果,想,明天,辉煌,，,就,请,你,多一些,“,高贵,的,低头,”
表达,了,作者,读书,才能,有,辉煌,的,明天,，,这种,低头,比玩,手机,高贵,的,观点,。
如果,想,有,辉煌,的,明天,，,就,请,你,也,多一些,“,高贵,的,低头,”,。
如果,想,有,辉煌,的,明天,，,就,请,你,多一些,“,高贵,的,低头,”
表答,了,他,想,让,人们,少玩,一些,手机,，,多,看,一些,有,意义,的,书,，,要,多一些,“,高贵,的,低头,”
现在,的,低头,族,很多,，,有,高贵,的,低头,和,不,高贵,的,低头,，,不,高贵,的,低头,会,影响,学业,甚至,影响,一生,。
作者,表达,了,，,在,哪里,看,抬头,率,都,很,低,，,大多数,都,是,低头,族,。,希望,大多数,的,人,都,能,高贵,的,低头,。
如果,想,有,辉煌,的,明天,，,就要,多,读书,。
多,观看,书,，,书,是,记载,人类文明,书籍,的,赞誉
表达,了,，,我们,应,做,的,“,高贵,的,低头,族,“,应多,看书,。
作者,主要,的,观点,是,高贵,的,低头,。
如果,想,有,辉煌,的,明天,，,就,请,你,也,多一些,”,高贵,的,低头,“,。
低头,和,低头,有着,不同,的,行为,。
洗下头,，,多,读书,，,能为,自己,创造,美好,的,未来,。,我们,应该,多,读书,才能,在,将来,有所作为,。
人,的,行为,影响,了,人,的,地位,，,如果,多一点,“,高贵,的,低头,族,”,那样,社会,会,更好,。
多,低头,读书,，,少,低头,玩,手机,。
作者,主要,表达,了,人,要,多一些,有用,的,东西,的,低头,，,而,不是,看些,无用,的,东西,而,低头,。
少玩,手机,，,多,看,对,自己,有益,的,读,，,多一些,高贵,的,低头,。
要,出人头地,，,就,“,高贵,的,低头,”,。
要,多一些,高贵,的,低头,（,读书,）,，,少,一些,低头,族
如果,想,有,辉煌,的,明天,，,就,请,你,也,多一些,“,高贵,的,低头,”
如果,想,有,辉煌,的,明天,，,就,请,你,多一些,“,高贵,的,低头,”,。
多一些,“,高贵,的,低头,”
如果,想,有,辉煌,的,明天,，,就,请,你,也,多一些,“,高贵,的,低头,”
多一些,高贵,的,低头,。
少,一些,玩,手机,（,低头,族,）,，,多一些,读书,（,高贵,的,低头,）,。
如果,想,明天,辉煌,，,就,请,你,也,多一些,“,高贵,的,低头,”
不要,一直,玩,手机,而是,要,多,看,一些,书,。
如果,有,辉煌,的,明天,，,请,你,也,多一些,“,高贵,的,低头,”
同,为,“,低头,”,，,但,却,可以,看出,一个,人,的,品质,及,修养,。
如果,想,有,辉煌,的,明天,，,就,请,你,也,多一些,“,高贵,的,低头,”,。
我们,应该,多一些,“,高贵,的,低头,”,。
我们,要,多一些,“,高贵,的,低头,”
不要,将,自己,的,时光,放在,手机,上,，,要,落实,在,书本上,，,这样,才,有,收获
要,有,一个,读书,的,低头,，,不能,总,沉浸,在,游戏,电视,之中,，,要,用,多年,的,学习,努力,才能,换回,满意,成绩,。
高贵,的,低头,和,不,高贵,的,低头,的,区别
如果,想,有,辉煌,的,明天,，,就,请,你,也,多一些,“,高贵,的,低头,”,。
我,认为,作者,主要,表达,的,观点,是,希望,我们,每个,人,都,能够,少玩会,手机,，,多,看看书,。
如果,想,有,辉煌,的,明天,，,就,请,你,也,多一些,“,高贵,的,低头,”
低头,族,并,不是,贬义词,，,高贵,的,低头,族,在,长时间,之后,会,有,辉煌成就
多一些,“,高贵,的,低头
请,你,多一些,“,高贵,的,低头,。
主要,想,表达,了,，,不要,低头,玩,手机,，,要,多,看看书,。
要,多,看书,才,可以,走上,人生,最高层
如果,想,有,辉煌,的,明天,，,请,你,也,多一些,“,高贵,的,低头,”,。
“,我们,应多,看书,，,少玩,手机,”,的,观点,。
不要,总是,低头,玩,手机,，,多,低下头,看看书,。
多一些,“,高贵,的,低头,”
如果,想,有,辉煌,的,明天,，,就,请,你,也,多一些,高贵,的,低头,。
如果,想,有,辉煌,的,明天,，,就,请,你,也,多一些,“,高贵,的,低头,”,。
作者,想,低头,成为,高贵,的,低头,，,而,不是,低头,玩,手机,而是,认真学习
只有,认真读书,，,才能,建功立业,，,一鸣惊人,。
要,为了,读书,反而,低头,，,不要,为了,手机,而,低头,。
想,让,人们,多一些,“,高贵,的,低头,”
头等舱,的,人,大多数,看见,，,但是,经济舱,看,也,是,玩游戏,聊天,的,人,较,多
能,多一些,高贵,的,低头
要,多一些,“,高贵,的,低头,”,，,要,多,读书,，,不要,总玩,手机,，,荒废,大好,学习,时光
但愿,她,看到,的,现象,也,会,引起,众多,“,低头,族,”,的,注意,和,思考,，,如果,想,辉煌,的,明天,，,就,多一些,“,富贵,的,低头,”
想,有,辉煌,的,明天,，,就,请,多一些,“,高贵,的,低头,”
让,我们,不要,在,沉迷,网络游戏,了,，,让,我们,多,“,高贵,的,低头,”,还,不是,玩,手机
不要,做,一个,低头,族,，,把,精力,放在,学习,上,，,抓紧时间,多,读书,。
多一些,高贵,的,低头
多一些,高贵,的,低头,，,会,使,我们,的,生活,美好,，,拥有,辉煌,的,明天
希望,人们,要,多,读书,，,多一些,“,高贵,的,低头,”
我们,要,多一些,“,高贵,的,低头,”,，,少看,手机,，,多读,一些,有用,的,书籍,。
我们,要,多,读书,做,“,高贵,的,低头,”,而,不是,不,高贵,的,低头,，,过度,沉迷,网络,，,玩,手机
如果,有,辉煌,的,明天,，,请,你,也,多一些,“,高贵,的,低头,”
要,想,获得成功,，,我们,要,多一些,“,高贵,的,低头,”,。
让,人们,不要,低头,玩,手机,，,而是,应该,看书,。
让,你,的,低头,成为,“,高贵,的,低头,”,，,不再,为了,其它,对,你,无益,的,东西,而,低头,。
我们,要,多,看书,，,少看,手机
作者,想要,告诉,我们,，,我们,应该,多,低头,看书,，,而,不是,低头,玩,手机
我们,应该,少玩,手机,，,多,看书
多一些,“,高贵,的,低头,”
但愿,她,看,到底,现象,会,引起,众多,低,高贵,的,低头
高贵,的,低头
多一些,“,高贵,的,低头,”
高贵,的,低头,才,会,有,更好,的,未来
现在,那么,多,低头,族,，,其中,很多,人,是,在,玩,手机,，,很少,有人,读书,。
作者,希望,少,一点,“,低头,族,”,多一点,“,高贵,的,低头,族,”,。
多一些,“,高贵,的,低头,”,少,一些,“,低头,族,”,。
多一些,“,高贵,的,低头,”,。
我们,要,多一些,读书,时,的,“,高贵,的,低头,”,，,少,一些,看,手机,时,不,那么,高贵,的,低头,。
少,一些,低头,族,（,玩,手机,的,人,）,，,多一些,高贵,的,低头,族,（,看书,的,人,）
多,看书,，,多一些,“,高贵,的,低头,”
如果,想,有,辉煌,的,明天,，,就,请,多一些,“,高贵,的,低头,”,，,多,看些,书,。
如果,想,有,辉煌,的,明天,，,就,请,你,也,多一些,“,高贵,的,低头,”,。
如果,想,有,辉煌,的,明天,，,就,请,你,也,多一些,“,高贵,的,低头,”,。
作者,主要,想,表达,的,是,“,多一些,，,高贵,的,低头,”
作,有用,的,事而作,没有,用,的,事,就是,不,高贵,的,低头,。
要,做,一个,高贵,的,低头,族,，,要,多,读书,。
多一些,“,高贵,的,低头,”
要,做,“,高贵,的,低头,”,的,人,，,不,做,“,无用,的,低头,”,的,人
多一些,“,高贵,的,低头,”,。
多一些,“,高贵,的,低头,”,。
我们,应该,多一些,高贵,的,低头,，,少,一些,低头,族
如果,想,有,辉煌,的,明王,，,就要,多一些,“,高贵,的,低头,”
多一些,高贵,的,低头,，,少,一些,低头,玩,手机,。
多一些,“,高贵,的,低头,”,少,一些,“,低头,族,”
要,“,高贵,的,低头,”,不要,做,“,低头,族,”,。
多一些,“,高贵,的,低头,”,，,少,一些,“,不,那么,高贵,的,低头,”
如果,想,有,辉煌,的,明天,，,就,请,你,也,多一些,“,高贵,的,的,低头,”,。
少,一些,“,低头,族,”,，,多一些,“,高贵,的,低头,”,，,少玩,一会儿,手机,，,多,看看书
如果,想,有,辉煌,的,明天,，,就,请,你,也,多一些,“,高贵,的,低头,”
多一些,“,高贵,的,低头,”,。
多一些,高贵,的,低头,，,少,一些,用于,玩,手机,显得,不,那么,高贵,的,低头
作者,主要,表达,，,多,看书,，,少玩,手机,的,观点
我们,不,应该,老玩,手机,，,应该,多读,一些,书,。
我们,应该,多,读书,，,少玩,手机,，,多一些,“,高贵,的,低头,”,。
希望,“,低头,族,”,看到,这些,现象,会,注意,和,思考,，,告诉,他们,享有,辉煌,的,明天,，,就,多一些,“,高贵,的,低头,”,。
提倡,“,高贵,的,低头,”,反对,“,低头,族,”
如果,有,辉煌,的,明天,，,就,请,您,也,多一些,“,高贵,的,低头,”
只有,“,高贵,的,低头,”,多,了,，,将来,才能,抬起,“,高贵,的,头,”,，,多一些,“,高贵,的,低头,”
主要,表达,出,低头,分,高贵,的,和,不,高贵,的,两种,低头,族,，,低头,分,好坏,。
表达,了,作者,提倡,“,高贵,的,低头,”,学习,，,看书,。,而,不是,低头,玩,手机,。
表达,了,要,多一些,高贵,的,低头,（,多,读书,）,不要,沉迷于,手机
多一些,“,高贵,的,低头,”,，,不要,玩,手机,。
如果,想,有,辉煌,的,明天,，,请,你,也,多一些,“,高贵,的,低头,”,（,指,低头,看书,）
多一些,“,高贵,的,低头,”
多一些,读书,的,低头,，,少,一些,玩,手机,的,低头
作者,希望,多些,读书,的,人,，,少,一点,玩,手机,的,人,。
主要,表达,要,让,人们,多,看书,多学,知识,，,少玩,手机,。
到底,是,人,的,位置,影响,了,行为,呢,，,还是,人,的,行为,影响,了,位置,呢,？
多一些,读书,、,学习,的,世界,，,少,一些,玩,手机,的,世界,。
多一些,“,高贵,的,低头,”,，,少,一些,“,低头,族,”,。
现在,有,许多,都,在,玩,手机,，,并,不,看书,，,如果,想要,有,辉煌,的,明天,，,就,多,读书,吧,。
多,低头,看书,，,少,一些,低头,玩,手机,。
如果,想要,更好,的,明天,，,就,少,玩,手机,，,多,看书,。
让,人们,多,读书,，,积累,些,知识,，,而,看,手机,却,不能,使人,积累,丰富
多一些,低头,看书,的,人,，,少,一些,低头,族,！
要,多,读书,，,多一些,“,高贵,的,低头,”,，,要少,玩,手机,，,少,一些,“,低头,族,”
多一些,高贵,的,低头,（,多,读书,）,，,少,一些,低头,族,（,低头,玩,手机,）
观点,是,先,在,这个,时代,科技,的,发展,很多,人,都,不,在,看书,，,都,是,在,现,电子,品
多一些,高贵,的,低头,即,多,读书,，,少,一些,不,高贵,的,低头,即少,玩,手机,。
多谢,高贵,的,“,低头,族,”,，,少,些,“,低头,族,”,。
少,一些,只顾,玩,手机,的,“,低头,族,”,多一些,看书,的,“,高贵,的,低头,”,。
要,多,看书,，,多,利用,时间,学习,，,而,不是,用,空下来,的,时间,玩,手机,，,打游戏,，,看,电视剧,等,。
多些,高贵,的,低头,，,多些,低头,看书,的,，,少,一些,低头,玩,手机,的,人,。
提倡,读书,，,反对,玩,手机,，,多一些,“,高贵,的,低头,”,。
读书,是,“,高贵,的,低头,”,，,玩,手机,是,不,那么,高贵,的,低头,。
多一些,“,高贵,的,低头,”,，,少,一些,“,无用,的,低头,”,。
多一些,“,高贵,的,低头,”,，,不要,沉迷于,手机
多一些,高贵,的,低头,，,少,一些,低头,族,。
多一些,高贵,低头,，,少,一些,低头,族,。
如果,想,有,辉煌,的,明天,，,就要,多一些,“,高贵,的,低头,”
大家,应该,多,看书,，,不要,不学无术,。
多一些,“,高贵,的,低头,”,。
做,一个,“,高贵,的,低头,”
多一些,“,高贵,的,低头,”
多一些,“,高贵,的,低头,”
要求,现代人,要,多一些,“,高贵,的,低头,”,，,多去,低头,读书,，,不要,低头,看,手机,。
对,人类文明,的,赞誉,，,更是,对,读书,这一,高雅,行为,的,褒奖
多一些,“,高贵,的,低头,”
我们,只有,多,读书,，,将来,才,会,建功立业,，,一鸣惊人,。
如何,提高,学生,的,“,抬头,率,”
如果,有,辉煌,的,明天,，,请,你,也,多一些,“,高贵,的,低头,”
如果,想,有,辉煌,的,明天,，,就,请,你,也,多一些,“,高贵,的,低头,”,。
如果,你,想,也,辉煌,的,成就,，,就,放下,手机,，,拿,起书,，,做,“,高贵,的,低头,”
多一些,高贵,的,“,低头,”
多一些,“,高贵,的,低头,”
观点,是,：,我们,要,“,高贵,的,低头,”,，,不要,“,无用,的,低头,”
看书,的,人,非常少,，,而,低头,玩,手机,的,人,非常,多
如果,想要,有,辉煌,的,明天,，,就,请,你,也,多一些,“,高贵,的,低头,”,。
我,觉得,作者,要,表示,出,高贵,的,低头,是,对,人,的,一生,都,有益,的,，,而少,了,高贵,的,低头,未来,注定,是,没有,希望,的,，,要,多一些,高贵,的,低头
希望,人们,做,一个,“,高贵,的,低头,族,”
“,高贵,的,低头,”,多,了,，,将来,才能,抬起,“,高贵,的,头,”,，,建功立业,，,一鸣惊人,.,反之,，,少,了,这,高贵,的,低头,，,不学无术,,,未来,没有,希望
多一些,“,高贵,的,低头,”,。
我,认为,作者,在,论述,，,想,有,辉煌,的,明天,，,就,请,你,也,多一些,“,高贵,的,低头,”,。
高贵,的,低头,和,其他,低头,族,的,区别,。
人要,多一些,高贵,的,低头
如果,想,有,辉煌,的,明天,，,就,请,你,多一些,“,高贵,的,低头,”
如果,想,有,辉煌,的,明天,，,就,请,你,也,多一些,”,高贵,的,低头,”,。
如果,想要,有,辉煌,的,明天,，,就要,多一些,“,高贵,的,低头,”
多一些,“,高贵,的,低头,”,。
高贵,的,低头,族会,使,你,所,拥有,的,未来,不同,，,同样,是,低头,，,但,所,做,的,事,不同,，,以后,拥有,的,便,不同
“,高贵,的,低头,”,让,你,提高素质,，,学习,知识,，,而,低头,看,手机,只会,荒废,时光,，,如果,你,想,取得,日后,辉煌,，,就要,多一些,“,高贵,的,低头,”
让,我们,做,一个,“,高贵,的,低头,”,，,少玩,手机,，,多,看看书,做,更有意义,的,事,。
如果,想,有,辉煌,的,明天,，,就,请,你,也,多一些,“,高贵,的,低头,”,。
如果,要,想,辉煌,的,明天,，,就,请,你,也,多一些,“,高贵,的,低头,”
如果,想,有,辉煌,的,明天,，,就要,多一些,“,高贵,的,低头,”,。
低头,分,高贵,与,不,高贵,，,人们,应,多一些,高贵,的,低头,。
多一些,高贵,的,低头,读书,的,时间,。
多一些,读书,，,少,一些,低头,看,手机,。
如果,想,有,辉煌,的,明天,，,就,请,你,也,多一些,高贵,的,低头,。
如果,想,有,辉煌,的,明天,，,就,请,你,多,读些,书
我们,要,多,读书
请,你,多一些,“,高贵,的,低头,”
如果,想,有,辉煌,的,明天,，,就,请,你,也,多一些,高贵,的,低头,。
少看,手机,，,多,看书
如果,想,有,辉煌,的,明天,，,请,多,看书,。
如果,想,有,辉煌,的,明天,，,就要,多一些,“,高贵,的,低头,”
大多,人,“,低头,族,”,应该,多一些,“,高贵,的,低头,族,”
多一些,高贵,的,低头
作者,希望,低头,族,可以,少,一些,，,多一些,“,高贵,的,低头,”
如果,想,有,辉煌,的,明天,，,就要,多一些,“,高贵,的,低头,”,。
要,多一些,“,高贵,的,低头,”
如果,想,有,辉煌,的,明天,，,就,请,你,也,多一些,“,高贵,的,低头,”
想,有,辉煌,的,明天,，,请,多一些,高贵,的,头
多一些,“,高贵,的,低头,”
如果,想,有,辉煌,的,明天,，,就,请,你,也,多一些,“,高贵,的,低头,”
如果,想,有,辉煌,的,未来,，,就,应该,多一些,“,高贵,的,低头,”,。
我们,应该,多,读书
多一些,读书,的,人,，,少,一些,看,手机,的,人,。
如果,想,有,辉煌,的,明,，,就,请,你,也,多一些,看书,，,少,一些,玩,手机,、,看,韩剧,。
让,人们,多一些,“,高贵,的,低头,”
不能,老玩,手机,，,要,多,看书,，,高贵,的,低头
如果,想,有,辉煌,的,明天,，,就,请,你,也,多一些,高贵,的,低头
多一些,高贵,的,低头
如果,想,有,辉煌,的,明天,，,就,请,你,也,多一些,“,高贵,的,低头,”
让,我们,能少,玩些,手机,多,看,一,看书,增加,些,知识,，,要,做,一位,高贵,的,低头,人
作者,希望,我们,多一些,“,高贵,的,低头,”
只有,多,读书,，,我们,才能,拥有,辉煌,的,明天
低头,看书,是,高贵,的
希望,人们,平日,多,看书,，,少,一些,玩,手机,的,时间,，,对,我们,的,身心,大有益处,。
如果,享有,辉煌,的,明天,，,就,请,你,也,多一些,“,高贵,的,低头,”
作者,要,表达,：,低头,玩,手机,是,单纯,的,低头,族,，,而,低头,看书,是,“,高贵,的,低头,”,作者,希望,越来越,多,的,人
多一些,“,高贵,的,低头,”
如果,想,有,辉煌,的,明天,，,就,请,你,也,多一些,高贵,的,低头
我们,应当,少玩,手机,，,多一些,有,意义,的,阅读,。
观点,是,：,想,有,辉煌,的,明天,，,就,应,多一些,“,高贵,的,低头,”
作者,的,观点,是,有,很多,的,人,低头,但,低头,的,人,做,的,事,不同,，,有,的,看书,有,的,玩,手机
为了,告诉,人们,如果,永远,沉迷于,电子产品,，,则,会,和,那些,沉迷于,看书,的,人,存在,高贵,与,低贱,之差,。
我,认为,作者,的,观点,是,要,高贵,的,低头,，,学习,知识,，,广博,见闻,，,提高素质,，,增强,本领
要,想,有,辉煌,的,明天,，,就要,多些,“,高贵,的,低头,。,”
学识,高,的,人,一般,都,是,喜爱,看书,的,，,也,有,很,好,的,代誉
作者,主要,想,表达,“,如果,想,有,辉煌,的,明天,，,就,请,你,也,多一些,高贵,的,低头
为,手机,“,低头,”,不如,为,知识,“,低头,”,，,它,能,使,你,学习,知识,。,我们,要,多一些,“,高贵,的,低头,”
如果,想,有,辉煌,的,明天,，,就,请,你,也,多一些,高贵,的,低头
要,“,高贵,的,低头,”,，,不要,低头,玩,手机,。
过,一些,“,高贵,的,低头,”
作者,想,表达,：,我们,要,多,看书,，,少玩,手机,，,不,作,“,手机,低头,族,”
如果,想,有,辉煌,明天,，,就,请,你,也,多一些,“,高贵,的,低头,”
少玩,手机,，,多多,看书
我们,要,多些,“,高贵,的,低头,”,。
在,低头,前面,加上,形容词,高贵,的,，
作者,想要,这些,低头,足,不要,玩,手机,了,，,要,向,那些,看书,的,学习,。
多,读书,，,少玩,手机
如果,想,有,辉煌,的,明天,，,就,请,你,也,多一些,“,高贵,的,低头,”,。
读书,是,“,高贵,的,低头,”,，,玩,手机,就是,不,那么,高贵,的,低头
少看,手机,多,看书,。,这样,才,会,出人头地
让,那些,低头,玩,手机,的,人,，,变成,多,读书,，,学习,知识,的,人
只有,多,读书,，,多,积累,才,会,有,辉煌,的,明天,。
如果,想,有,辉煌,的,明天,，,就,请,多一些,“,高贵,的,低头,”,。
不要,沉迷,手机,，,要,多,读书,，,学习,知识,，,，,提高素质,，,增强,本领,。
我们,要,多,读书,，,多一些,高贵,的,低头
高贵,的,低头,多,了,，,将来,才能,抬起,高贵,的,头,，,建功立业,，,一鸣惊人
多一些,“,高贵,的,低头,”,去,学习,，,才能,有,美好,的,明天,。
如果,想,有,辉煌,的,明天,，,就,请,你,也,多一些,”,高贵,的,低头,“
本文,作者,主要,表现,了,如果,想,有,光明,的,前途,，,就,请,你,多,读书,，,少,低头,看,手机
多一些,“,高贵,的,低头,”
做,一个,会,高贵,低头,的,人
把,低头,都,用,在,学,知识,上,，,而,不是,打,电子游戏,，,看,电视剧,…,…,，,要,学会,高贵,的,低头,。
如果,想,有,辉煌,的,明天,，,就,请,你,也,多一些,“,高贵,的,低头,”
如果,想,有,辉煌,的,明天,，,就,需要,多一些,“,高贵,的,低头,”,。
我们,只有,多,读书,，,广博,见闻,，,提高素质,，,增强,本领,，,才能,获得成功,。
多一些,“,高贵,的,低头,”,，,才能,有,辉煌,的,明天
我们,要,做,“,高贵,的,低头,人
劝诫,人们,要,多,读书,，,少,低头,玩,手机,。
作者,的,观点,是,：,只有,现在,你,低下头来,读书,，,将来,才能,在,抬起,头时,一鸣惊人
作者,想,表达,，,多,读书,，,少玩,手机,。
不要,只,知道,玩,手机,，,我们,要,多,读书,。
要,多,看书,，,少玩,手机
如果,想要,有,辉煌,的,明天,，,就要,自己,多,看看书,不要,看,手机,做,“,”,高贵,的,低头,“
多一些,“,高贵,的,低头,”
人要,多一些,“,高贵,的,低头,”,。
读书,是,“,高贵,的,低头,”,。
作者,主要,表达,孩子,们,在,书店,低头,读书,感动,。
选择,“,高贵,的,低头,”,将会,使,你,的,位置,变高,。,拥有,辉煌,的,明天,。
我们,要,多一些,“,高贵,的,低头,”,，,多,读书,。
人们,应该,多,低头,看书
如果,想,有,辉煌,的,明天,，,请,你,也,多一些,高贵,的,低头
多一些,高贵,的,低头
如果,想,有,辉煌,的,明天,，,就,请,你,也,多一些,高贵,的,低头,。
如果,想,有,辉煌,的,明天,，,就,请,你,也,多一些,高贵,的,低头,，,多,看些,书少,玩些,手机,。
大家,平时,出门,大多数,人,都,是,在,低头,玩,手机,没有,什么,人,在,低头,读书,。
“,高贵,的,低头,”,多,了,，,将来,才能,抬起,高贵,的,头,，,建功立业,，,一鸣惊人,。,反之,，,则,腹中,空空,，,不学无术,，,未来,没有,希望,。
多,读书,，,拒绝,低头,打游戏
不能,低头,玩,手机,要,好好,读书,。
我,认为,作者,主要,表达,我们,要,学会,高贵,的,低头,。
我们,多一些,“,高贵,的,低头,”,。
如果,想要,有,辉煌,的,明天,，,就,请,你,也,多一些,“,高贵,的,低头,：,。
如果,想,有,辉煌,的,明天,，,就,请,你,也,多一些,“,高贵,的,低头,”
不要,空余,时间,老玩,手机,，,要,适当,的,玩,，,不要,玩,太久,，,会毁,眼睛,，,多,读书,。
如果,想,有,辉煌,的,明天,，,就,请,你,也,多一些,“,高贵,的,低头,”,。
我们,要,多,看书,而,不是,玩,手机,。
我,认为,作者,主要,表达,我们,要,学会,高贵,的,低头,。
如果,想,有,辉煌,的,明天,，,就,请,你,也,多一些,“,高贵,的,低头,”
不要,老当,低头,族,，,如果,要,低头,也,是,高贵,的,低头,，,少玩,手机,，,多,学习,多,读书,。
如果,有,辉煌,的,明天,，,就,请,你,也,多一些,高贵,的,低头,。
多,看,一些,书,，,才,有助于,提高,自己,。
作者,要,表达,人们,应该,多,看,一些,书,，,不要,总,低头,玩,手机,的,观点
如果,想,有,辉煌,的,明天,，,就,请,你,也,多一些,“,高贵,的,低头,”,。
如果,想,有,辉煌,的,明天,，,就,请,你,也,多一些,“,高贵,的,低头,”,。
很多,人,在,玩,手机,，,高贵,低头,族,和,低头,族,的,区别,。
不要,做,低头,族,，,要,做,就,做,高贵,的,低头,族,。
让,眼睛,长好,的,孩子,的,眼睛,变成,近视,，,在,路上,低头,过,马路,很,容易,被车撞,。
想,有,辉煌,的,明天,，,就要,多一些,“,高贵,的,低头,”
多一些,“,高贵,的,低头,”,少,一些,“,低头,族,”,。
如果,想,有,辉煌,的,明天,，,就,请,你,也,多一些,“,高贵,的,低头,”,。
把玩,手机,的,时间,多用,一些,在,学习,，,增强,本领,上,，,要,做到,“,高贵,的,低头,”,。
低头,读书,比,低头,玩,手机,的,人,往往,拥有,的,知识,更,多,。,拥有,更,多,知识,才能,有,好,的,明天,。
少当,一些,“,低头,族,”,，,多当,一些,“,高贵,的,低头,族,',.
如果,想,有,辉煌,的,明天,，,就,请,你,也,多一些,“,高贵,的,低头,”
多,做,一些,看书,的,低头,族,，,而,不是,玩,手机,的,低头,族
如果,想,有,辉煌,的,明天,，,就,请,你,也,多一些,“,高贵,的,低头,”,。
我们,要,多一些,高贵,的,低头
现在,低头,族,越来越,多,，,如果,想,有,辉煌,的,明天,，,就,应多,“,高贵,的,低头,”,，,表现,出,低头,族,与,高贵,的,低头,族,的,人,在,现实,生,湖中,差异,，,低头,族,影响,了,学业,与,事业,。
如果,想,有,辉煌,，,建功立业,的,明天,，,那,就,请,少,打些,游戏,，,少,看会,韩剧,，,多,读读,好书
如果,想,有,辉煌,的,明天,，,就,请,你,也,多一些,“,高贵,的,低头,”,。
多一些,“,高贵,的,低头,”,。
如果,想,有,辉煌,的,明天,，,就,请,你,也,多一些,“,高贵,的,低头,”,。
多一些,高贵,的,低头,即,多,低头,看书,学习,不要,总是,低头,玩儿,。
多一些,“,高贵,的,低头,”
如果,想,有,辉煌,的,明天,，,就,请,你,也,多一些,“,高贵,的,低头,”,。
表达,了,人们,如果,想,有,辉煌,的,明天,，,就要,多,读书,，,不要,做,一些,没用,的,事情,。
我们,应该,多,看书,，,少玩,手机
当,我们,要,规劝,他人,改变,意见,时,语气,要,委婉,不能,太,生硬,，,要,让,对方,肯于,听,劝,，,这样,才,有,可能,成功,说服,别人,。
多一些,“,高贵,的,低头,”
黄河,二,做,酒酿,不用,大,钵头,而是,用,小,钵头
只有,做,“,高贵,的,低头,”,的,人,，,才,会,有,更,大,的,成就,。
如果,想,有,辉煌,的,明天,，,就要,多一些,“,高贵,的,低头,”,。
让,社会,中,多一些,“,高贵,的,低头,”
不要,老玩,手机,低头,要,高贵,的,低头
要,多一些,“,高贵,的,低头,”
如果,想,有,辉煌,的,明天,，,就,请,你,也,多一些,“,高贵,的,低头,”,。
想要,表达,现在,的,低头,族,应该,多为,自己,的,未来,想想,放下,手机,拿,起,书本,。
影响,视力,，,影响,了,学习,。
我们,要,多一些,“,高贵,的,低头,”
读书,多,了,使,人能,建功立业,存,成就,相反,读书,少多,玩,手机,使,未来,失去,希望,没,成就,。
如果,想,有,辉煌,的,明天,，,就,请,你,也,多一些,高贵,的,低头
读书,是,“,高贵,的,低头,”,，,那么,，,玩,手机,就是,不,那么,高贵,的,低头,。
不玩,手机,，,提高,自身,素质,最,重要
作者,认为,低头,玩,手机,没有,低头,看书,好
要,多,读书,，,做,“,高贵,的,低头,族,',.
如果,想,有,辉煌,的,明天,，,就,请,你,也,多一些,“,高贵,的,低头,”,。
如果,想,有,辉煌,的,明天,，,就,请,你,也,多一些,“,高贵,的,低头,”,。
如果,想,有,辉煌,的,明天,，,就,请,你,也,多一些,“,高贵,的,低头,”,。
低头,要作,有用,的,事,，,那,＃,是,高贵
多一些,“,高贵,的,低头,”
玩,手机,的,“,低头,族,”,太,多,，,读书,的,“,高贵,的,低头,族,”,太,少,。
多一些,“,高贵,的,低头,”
不,做做,一名,“,低头,族,”
读书,时,高贵,的,，,重要,的,。
如果,想,有,辉煌,的,明天,，,就,请,你,也,多一些,“,高贵,的,低头,”,。
如果,想,有,辉煌,的,明天,，,就,请,你,也,多一些,“,高贵,的,低头,”,。
如,上课,玩,手机
如果说,读书,是,高贵,的,低头,，,那么,玩,手机,就是,不,那么,高贵,的,低头,。
读书,时,',高贵,的,低头,“,。
手机,并,不能,给,我们,带来,知识,，,只有,读书,能,对,我们,有,帮助
让,我们,有,“,高贵,的,低头,”,而,不是,一天到晚,看,手机,的,低头,族,。
“,高贵,的,低头,”,使人,有,辉煌,的,明天,。
什么,是,高贵,的,低头,而,什么,又,是,低头,，,低头,族,和,高贵,的,低头,的,区别,。
如果,想,有,辉煌,的,明天,就要,少玩,手机,，,多,读书,。
如果,想,有,辉煌,的,明天,，,就,请,你,也,多一些,“,高贵,的,低头,”,。
要,多一些,读书,的,抬头,。
如果,想,有,辉煌,的,明天,，,就,请,你,也,多一些,“,高贵,的,低头,”,。
我们,要,多一些,“,高贵,的,低头,”
多一些,“,高贵,的,低头,”
多一些,“,高贵,的,低头,”,，,少,一些,“,不,高贵,的,低头,”,，,多,低头,看书,，,少,低头,玩,手机,。
如果,想,有,辉煌,的,明天,，,就,请,你,也,多一些,“,高贵,的,头,：
不要,沉迷于,手机,里,的,玩,的,，,要,多,看看,对,自己,有益,的,书
如果,想,有,辉煌,的,明天,，,就,请,你,也,多一些,“,高贵,的,低头,”
如果,想,有,辉煌,的,明天,，,就,请,你,也,多一些,“,高贵,的,低头,”,。
希望,有,更,多,人,低头,读书
我,认为,作者,想,表达,“,如果,想,有,辉煌,的,明天,，,就,多,放下,手机,，,多,看书,、,学习,”,的,观点,。
只有,做,“,高贵,的,低头,”,的,人,，,才,会,有,更,大,的,成就,。
多一些,“,高贵,的,低头
我们,要,多,高贵,的,低头,看书,。
生活,要少,玩,手机,，,多些,看书,，,多些,高贵,的,低头,。
成为,“,高贵,的,低头,”,的,人,。
要,我们,多,学习,，,多,读书,做,”,高贵,的,头,“,。
如果,想,有,辉煌,的,明天,，,就,请,你,也,多一些,“,高贵,的,低头,”,。
我,让,你,为,作者,主要,想,表达,“,多一些,‘,高贵,的,低头,',”,的,观点,。
人们,需要,“,高贵,的,低头,”
主要,表达,了,如果,相有,辉煌,的,明天,，,就,请,多一些,“,高贵,的,低头,”,的,观点,。
作者,主要,表达,了,希望,人们,可以,多,读书,而,不是,低头,玩,手机,。
我们,要,多些,“,高贵,的,低头,”
我们,应该,多,读书,，,多些,高贵,的,低头,。
要,做,“,高贵,的,低头,”,人,。
只有,“,高贵,的,低头,”,，,才能,是,自己,的,位置,抬高,。
如果,想,有,辉煌,的,明天,，,就,请,你,也,多一些,“,高贵,的,低头,”
如果,想,有,辉煌,的,明天,，,就,请,你,也,多一些,“,高贵,的,低头,”
如果,想,有,辉煌,的,明天,，,就,请,你,也,多一些,“,高贵,的,低头,”
高贵,的,低头,多,了,，,将来,才能,抬起,高贵,的,头,，,建功立业,，,一鸣惊人,，,少,了,这,高贵,的,低头,，,想,抬头,恐怕,也,太,不,起来,。
如果,想,有,辉煌,的,明天,，,就,请,你,也,多一些,“,高贵,的,低头,”
想,有,辉煌,的,明天,，,就,多一些,“,高贵,的,低头,”,。
多一些,“,高贵,的,低头,”
长期,的,阅读,会,使,我们,有,高贵,的,见解,，,高贵,的,谈吐,行为,等等,。,是,成为,高雅,君子,的,底蕴,。
希望,人们,少玩,手机,，,不要,成为,“,低头,族,”,，,多一些,“,高贵,的,低头,”,。
我们,应该,多一些,“,高贵,的,低头,”
多一些,“,高贵,的,低头,”
多一些,“,高贵,的,低头,”
低头,玩,手机,影响,了,学业,和,事业
平时,要,多,读书,，,多一些,“,高贵,的,低头,”,。
如果,想,有,辉煌,的,明天,，,就,请,你,多一些,“,高贵,的,低头,”
我们,想要,有,辉煌,的,明天,，,就要,多一些,“,高贵,的,低头,”,。
多一些,“,高贵,的,低头,”
不能,总是,看些,手机,浪费,自己,的,时间,，,我们,应该,多,看书,多,学习,，,更要,重视,身边,的,小事,，,从,小事,中,看出,道理
如果,想要,有,辉煌,的,明天,，,就,请,你,也,多一些,“,高贵,的,低头,：,。
我们,要,多一些,“,高贵,的,低头,”,。
如果,想,有,辉煌,的,明天,，,就,请,多,看书,。
多一些,“,高贵,的,低头,”
如果,想,有,辉煌,的,明天,，,就,请,你,也,多一些,“,高贵,的,低头,”,。
手机,对于,我们,是,一根,双刃剑,，,一面,可以,帮助,我们,，,一面,可以,让,我们,进入,不,好好学习,。
多一些,“,高贵,的,低头,”
我,认为,作者,主要,想,表达,书籍,是,高贵,的,，,所以,低头,看书,与,低头,玩,手机,比,，,看书,是,“,高贵,的,低头,。,”
“,高贵,的,低头,”,会,使,人生,更,有,价值,，,我们,应,多一些,高贵,的,低头,。
如果,想,有,辉煌,的,明天,，,就,请,你,也,多一些,“,高贵,的,低头,”
要,多一些,“,高贵,的,低头,”
多一些,“,高贵,的,低头,”
如果,想,有,辉煌,的,明天,，,就,请,你,也,多一些,“,高贵,的,低头,”
我们,要,高贵,的,低头,，,不能,老看,手机
低头,读书,是,“,高贵,地,低头,。
学习,知识,，,广博,见闻,，,提高素质,，,才能,迎接,辉煌,的,明天,。
在,日常生活,中,，,少玩些,手机,等,电子,类产品,，,多,看,一些,对,自己,有意,的,书籍,。
如果,想,有,辉煌,的,明天,，,请,你,也,多一些,“,高贵,的,低头,”
多,看书,。
多一些,高贵,的,低头
我们,应该,多一些,“,高贵,的,低头,”,多,读书,。
依,我,所见,，,如果说,读书,是,“,高贵,的,低头,”,，,那么,，,玩,手机,就是,不,那么,高贵,的,低头
低头,玩,手机,成绩,会,下降
在,各个,阶段,都,有,“,低头,族,”,，,大人,，,小孩,都,有,，,并且,都,会,有,不同,程度,的,对,生活,的,影响,。
如果,想,有,辉煌,的,明天,，,就,请,你,也,多一些,“,高贵,的,低头,”
表明,现在,低头,学习,，,办公,的,人,很少,，,大部分,的,人,都,在,玩,手机,。
如果,想,取得成功,与,辉煌,，,就,请,低下头来,做,对,成功,有,意义,的,事,，,多一些,“,高贵,的,低头,”,。
多一些,“,高贵,的,低头,”
如果,想,有,辉煌,的,明天,，,人们,就,应该,多一些,“,该,归,的,低头,”
表达,了,作者,希望,人们,多一些,“,高贵,”,的,低头,，,而,不是,低头,玩,手机,。
做,一个,”,低头,族,”,很,容易,，,做,一个,“,高贵,的,低头,族,”,却,不是,很,容易,。
如果,想,有,辉煌,的,明天,，,就,请,你,也,多一些,“,高贵,的,低头,”,。
多一些,“,高贵,的,低头,”
如果,想,有,辉煌,的,明天,，,就,请,你,也,多一些,“,高贵,的,低头,”
多一些,“,高贵,的,低头,”
多一些,“,高贵,的,低头,”
我们,要,将,有限,的,时间,更多花,在,“,读书,，,做学问,”,这样,一类,“,高贵,的,低头,”,上,，,才能,有,本事,，,有,成就,。
如果,想要,辉煌,的,明天,，,就,请,你,多一些,“,高贵,的,低头,”,。
如果,想要,辉煌,的,明天,，,就,请,你,也,多一些,“,高贵,的,低头,”,。
多一些,“,高贵,的,低头,”
要,多一些,“,高贵,的,低头,”
让,人们,多,读书,不,做,“,低头,族,”
多一些,“,高贵,的,低头,”
多一些,“,高贵,的,低头,”
多,看看书,，,少看,手机,。
多一些,“,高贵,的,低头,族,”
我们,应该,多一些,“,高贵,的,低头,”
要,多,看书,，,而,不是,低头,玩,手机,。
多一些,高贵,的,低头,。
如果,读书,时,高贵,的,低头,，,那么,玩,手机,就是,不,那么,高贵,的,低头,。
如果,想,有,辉煌,的,明天,，,请,请,你,也,多一些,”,高贵,的,低头,“,。
如果,想,有,辉煌,的,明天,，,我们,应,多一些,“,高贵,的,低头,”,。
低头,看,手机,和,玩,手机,就是,“,低头,族,”,，,低头,看书,就是,“,高贵,的,低头,”,。
少,一些,低头,族,，,多一些,“,高贵,的,低头,”
我们,在,平常,生活,中,不用,用,手机,来,充实,生活,，,应用,书,本来,武装,自己,的,头脑,，,作,一名,“,高贵,的,低头,族,”,。
如果,想要,有,辉煌,的,明天,，,就,请,你,也,多一些,“,高贵,的,低头,”,。
多一些,“,高贵,的,低头,”
作者,的,观点,是,多一些,“,高贵,的,低头,”,。
在,当代,的,社会,上,，,低头,的,人,不少,，,可是,在,低头,看,什么,就,未必,了,。,只有,学习,才能,与,成功,交往,。
如果,想,有,辉煌,的,明天,，,就,请,你,也,多一些,“,高贵,的,低头,”,。
本文,讲,了,人们,都,爱,低头,，,不能,一天到晚,都,低头,。
观点,是,少,一些,“,低头,族,”,，,多一些,“,高贵,的,低头,”,。
多一些,“,高贵,的,低头,。,”
辉煌,的,明天,需要,多一些,“,高贵,的,低头,”,。
如果,想要,有,辉煌,的,明天,，,就,请,你,也,多一些,“,高贵,的,低头,”,。
如果,想,有,辉煌,的,明天,，,就,请,你,也,多一些,“,高贵,的,低头,”,。
我,认为,作者,想,表达,的,是,：,做,“,高贵,的,低头,族,”,，,不,做,没有,用,的,“,低头,族,”
不要,贪图,一时,的,乐趣,，,多,想想,未来,。
作者,表达,的,观点,中,，,是,应该,要,做,高贵,的,低头,，,不,应该,低头,玩,手机,，,多读,书籍,。
如果,想,有,辉煌,的,明天,，,就,请,你,也,多一些,“,高贵,的,低头,”,。
多一些,“,高贵,的,低头,”
多一些,“,高贵,的,低头,”
博学多才,的,人,低头,时,是,为了,看书,学习,知识,绝不,是,为了,看,手机,里,虚无,的,东西,。
我,认为,作者,表达,的,观点,是,请,多一些,“,高贵,的,低头,”,。
人,应该,要,“,高贵,的,低头,”,而,不是,一味,的,玩,手机,，,不同,地位,的,人,干,着,不同,的,事,。
我们,应,多一些,“,高贵,的,低头,”,。
“,如果,想,有,辉煌,的,明天,，,就,请,多一些,“,高贵,的,低头,”,。,作者,主要,想,表达,的,就,死,要,多,读书,，,学,知识,。,成就,才,有所,之,降低,工作效率,。
低头,的,人太多,，,但是,大多数,人,都,是因为,手机,。
多一些,“,高贵,的,低头,”
希望,人们,空闲,时间,多,读书,，,而,不是,低头,玩,手机,。
如今,，,几乎,大部分,人,都,成,了,“,低头,族,”,，,这样,以后,是,没有,好,未来,的,，,希望,以后,多一点,“,高贵,的,低头,”,。
多一些,“,高贵,的,低头,”,少,一些,“,低头,族,”
多一些,“,高贵,的,低头,”
如果,想,有,辉煌,的,明天,，,就要,多一些,“,高贵,的,低头,”
表达,了,现在,的,人,都,是,“,低头,族,”,太多,了,，,要,多,抬,抬头,，,多,做,“,高贵,的,低头,族,”
多一些,“,高贵,的,低头
多一些,“,高贵,的,低头,”
你,所,做,的,作为,，,可能,使,你,辉煌,，,也,可能,使,你,失败,。
我们,应该,“,高贵,的,低头,”,（,多,读书,学习,）
做,“,高贵,的,低头,族,”
与其,整天,玩游戏,或,追星,追剧,，,不如,多,读读书,来,学习,知识,，,陶冶情操
多一些,“,高贵,的,低头,”
我们,应当,多,读书,，,使,自身,修养,素质,提高,。
要,呼吁,人们,做,“,高贵,的,低头,族,”,为了,将来,能够,抬起,头,做,“,高贵,的,头,。,”
多一些,高贵,的,低头,，,少,一些,不,高贵,的,低头
表达,作者,对于,高贵,的,低头,的,理解,和,举例
生活,中,需要,多一些,“,高贵,的,低头,”,，,需要,我们,多去,读书,，,学习,知识,，,而少,去,玩,手机,。,（,或,：,如果,想,有,辉煌,的,明天,，,就,请,你,也,多一些,“,高贵,的,低头,”,。,）
如果,想,有,辉煌,的,明天,，,就,请,你,也,多一些,“,高贵,的,低头,”,。
多一些,“,高贵,的,低头,族,”
请,我们,多一些,“,高贵,的,低头,”,。
主要,表达,了,作者,批判,现代,社会,的,多数,人,都,在,因为,手机,而,不,去,读书,的,现象
作人要,做到,“,高贵,的,低头,”
玩,手机,的,人,越来越,多,，,看书,的,越来越少
我们,要,多,读书,成为,一个,”,高贵,的,低头,“
多一些,“,高贵,的,低头,”
人,应该,多一些,“,高贵,的,低头,”
如果,想,有,辉煌,的,明天,，,就,请,你,也,多一些,“,高贵,的,低头,”,。
多一些,“,高贵,的,低头,”
低头,也,分,两种,，,一种,是,低头,看书,，,一种,则,是,打游戏,看,韩剧,。
多一些,”,高贵,的,低头,“,。
读书,是,“,高贵,的,低头,”,，,要少,玩,手机,，,多,读书,。
多一些,“,高贵,的,低头,”,反之,，,少,了,“,高贵,的,低头,”,未来,注定,是,没有,希望,的,，,想,出头,更,没有,可能,。
如果,想,有,辉煌,的,明天,，,应该,多一些,“,高贵,的,低头,”
我们,应该,多一些,“,高贵,的,低头,”
如果,想,有,辉煌,的,明天,就,请,多,一此,“,高贵,的,低头,”,。
多一些,“,高贵,的,低头,”
如果,想,有,辉煌,的,明天,，,就,请,你,也,多一些,“,高贵,的,低头,”
少,做,“,低头,族,”
要,做,一个,“,高贵,的,低头,低头,族,”,，,不要,做,不,那么,高贵,的,“,低头,族,”
如果,想要,有,辉煌,的,明天,，,就,请,你,也,多一些,高贵,的,低头,。,或者,是,说,：,多,看书,，,少玩,手机,。
多一些,“,高贵,的,低头,”,。
要少,玩,手机,，,多,读书,。,做,“,低头,族,”,也,是,“,高贵,的,低头,”,，,这样,才,有,意义,。
多一些,高贵,的,低头
多一些,“,高贵,的,低头,”
要,多一些,“,高贵,的,低头,”
多,低头,看书,，,少,低头,看
玩,手机,，,沉迷于,游戏,和,韩,剧中,的,低头,不是,高贵,的,低头,，,而,看书,，,学习,知识,才,是,高贵,的,低头
让,更,多,的,人,“,高贵,的,低头,”
我们,要,多些,高贵,的,低头
为了,学习,知识,，,广博,见闻,，,提高素质,，,增强,本领,的,低头,是,高贵,的,低头,。
多一些,“,高贵,的,低头,”
排比,的,观点
多一些,高贵,的,低头
作者,的,观点,是,大家,应少,玩,手机,少看,手机,，,做,一个,为了,学习,知识,，,广博,见闻,，,提高,素,增强,本领,而,低头,的,人,。
如果,想,有,辉煌,的,明天,，,她,请,你,也,多一些,“,高贵,的,低头,”,。,不要,我们,做,“,低头,族,”,而是,“,高贵,的,低头,”
读书,是,一种,高贵,的,读书,是,低头,和,干,别的,时,低头,是,不同,的,。
如果,想,有,辉煌,的,明天,，,那,就,多读,一些,书,。
作者,主要,想,表达,的,是,应该,多一些,人去,低头,看书,而,不是,玩,手机,。
如果,想,有,辉煌,的,明天,，,就,请,你,也,多一些,“,高贵,的,低头,”,。
如果,想,有,辉煌,的,明天,，,请,多一些,“,高贵,的,低头,”,。
要,多一些,读书,，,少,一些,对,电子产品,依赖
如果,想,有,辉煌,的,明天,，,就,请,你,也,多一些,“,高贵,的,低头,”,。
要,做,就要,做,“,高贵,的,低头,”,。
多一些,“,高贵,的,低头,”
如何,提高,学生,的,“,抬头,率,”,不让,手机,来,破坏,学生,的,学习
多一些,“,高贵,的,低头,”,，,少,一些,“,低头,族,”,。
多一些,“,高贵,的,低头,”
我们,的,日常生活,中应,多一些,读书,学习,，,不要,每天,作,“,低头,族,”,。
作者,想,多一些,高贵,的,低头,。
要,有,辉煌,的,明天,，,就,多一些,“,高贵,的,低头,”,。
“,高贵,低头,”,是,想,让,我们,低头,看书,，,多,增长点,文化,，,多,运用,知识,。
多一些,“,低头,族,”
作者,想,表达,少,一些,低头,玩,手机,的,人,，,多一些,低头,看书,的,人,。
读书,是,一种,高贵,的,低头,。
学习,知识,，,广博,见闻,的,低头,是,有,意义,的,，,高贵,的,，,低头,看,手机,毫无意义,，,希望,人们,多一些,“,高贵,的,低头,”
多一些,“,高贵,的,低头,”,就,有,辉煌,的,明天,。
多一些,“,高贵,的,低头,”
我们,要,多,看书
对,一些,“,高贵,的,低头,”
多一些,高贵,的,低头
人们,应该,多一些,”,高贵,的,低头,”,。
要,多一些,“,高贵,的,低头,”
多一些,“,高贵,的,低头,”
多一些,“,高贵,的,低头,”
我们,要,多一些,“,高贵,的,低头,”,多去,看书,学习
要,多一些,“,高贵,的,低头,”,。
生活,中有,许多,“,低头,族,”,，,但,更,多所,需要,的,是,“,高贵,的,低头,族,”
多一些,“,高贵,的,低头,”,，,少,一些,无,意义,的,低头,。
如果,想,有,辉煌,的,明天,，,就,请,你,也,多一些,“,高贵,的,低头,”
多一些,“,高贵,的,低头,”
“,低头,族,”,分为,高贵,的,低头,族,和,不,高贵,的,低头,族
只有,多,低头,读书,才能,换来,辉煌,的,明天
如果,有,辉煌,的,明天,，,就,请,你,也,多一些,“,高贵,的,低头,”,。
观点,是,现在,现手,抓,人,的,人太多,了,，,读书,的,人太少,了
如果,享有,辉煌,的,明天,，,就,一定,要,做,“,高贵,的,低头,族,”,多,读书,才能,增长,知识,。
作者,要,表达,人们,以后,不要,低头,做,一些,没有,意义,的,事,，,多,看书,，,做到,高贵,的,低头,。
我们,要,“,高贵,的,低头,”,不,做,“,低头,族,”
如果,想,有,辉煌,的,明天,，,就,请,你,也,多一些,“,高贵,的,低头,”
人妖,多一些,“,高贵,的,低头,”,少看,手机,打游戏
我们,不能,做,一个,玩,手机,的,“,低头,族,”,，,要,做,一个,低头,看书,的,“,高贵,的,低头,”
多一些,“,高贵,的,低头,”
如果,想,有,辉煌,的,一天,，,就,请,你,也,多一些,“,高贵,的,低头,”
“,高贵,的,低头,”,比,“,低头,族,”,的,未来,会,更好,。
如果,想,有,辉煌,的,明天,，,就,请,你,也,多一些,“,高贵,的,低头,”,。
当,大家,大偶,在,低头,玩,手机,，,可能,以后,就,永远,抬,不,起头,，,就,会,没有,一个,好,的,事业,。
为了,有,更,辉煌,的,明天,，,我们,应该,多一些,高贵,的,低头,。
如果,想,有,辉煌,的,明天,就,请,你,多一些,“,高贵,的,低头,”
在,当下,的,社会,作,一个,有,内涵,知识,量,大,的,人,是,很,有,必要,的
如果说,读书,是,“,高贵,的,低头,”,，,那么,玩,手机,就是,不,那么,高贵,的,低头,。
人们,应,多一些,低头,读书,。
如果,想,有光,辉煌,的,明天,，,就,请,你,也,多一些,“,高贵,的,低头,”,。
如果,想,有,辉煌,的,明天,，,就,请,你,也,多一些,“,高贵,的,低头,”,。
多一些,“,高贵,的,低头,”,。
“,低头,”
多一些,“,高贵,的,低头,”,。
如果,想,有,辉煌,的,明天,，,就,请,多一些,“,高贵,的,低头,”
如果,想,有,辉煌,的,明天,，,就,请,你,也,多一些,“,高贵,的,低头,”,。
多一些,“,高贵,的,低头,族,”
如果,想要,建功立业,，,一鸣惊人,那天,，,就,请,多一些,“,高贵,的,低头,族,”,。
如果,想,有,辉煌,的,明天,，,就,请,你,多一些,“,高贵,的,低头,”,。
我们,要,多,读书,，,广博,见闻,，,提高素质,，,增强,本领,，,才能,拥有,辉煌,的,明天,。
多一些,“,高贵,的,低头,”,。
作者,希望,“,低头,族,”,变成,“,高贵,的,低头,”,，,希望,他们,多,看些,书,。
想,让,大家,们,都,多,读书, ,不要,低头,玩,手机
如果,想,有,辉煌,的,明天,，,就,请,你,也,多一些,“,高贵,的,低头,”,。
作者,想,说,见,的,人,已经,被,手机,给,沉迷,不要,在,老,低头,了,。
表达,了,在,日常生活,中,，,人们,应该,把,“,低头,”,这一,行为,放在,更有意义,的,行动,上,，,也,就是,多一些,“,高贵,的,低头,”,。
多一些,“,高贵,的,低头,”,。
如果,想,有,辉煌,的,明天,，,就,请,你,也,一些,“,高贵,的,低头,”,。
人们,应,多一些,“,高贵,的,低头,”,，,不,沉迷于,网络,多,阅读,。
如果,想要,有,辉煌,的,明天,，,就,请,你,也,多一些,“,高贵,的,低头,”,。
如果,想,有,辉煌,的,明天,，,就,请,你,多,读书,。
做,低头,族,，,只会,腹中,空空,，,不学无术,，,未来,是,注定,没有,希望,的,，,想,抬头,抬,不,起来,。
低头,分,两种,类别,，,“,高贵,的,低头,”,以后,一定,会,事业有成,。
多一些,高贵,的,低头
如果,想,有,辉煌,的,明天,，,就,请,你,也,多一些,“,高贵,的,低头,”,。
如果,想,有,辉煌,的,明天,，,就,请,你,多一些,“,高贵,的,低头,”,。
人们,要,多一些,“,高贵,的,低头,”,。
多一些,”,高贵,的,低头,“,。
多一些,“,高贵,的,低头,”,，,才能,有,辉煌,的,明天,、
人们,都,太,爱玩,手机,；,总是,在,那里,都,低头,，,低头,学习,的,人,很少,，,大多,都,在,看,手机,，,应该,有,更,多,的,“,高贵,的,低头,”,。
人们,应该,更,多,的,低头,看书,。
作者,认为,低头,看书,是,高贵,的,而,低头,玩,手机,是,低下,的,。
表达,现在,社会,上全,是,不,高贵,的,低头,很少,有,高贵,的,低头,。
读书,是,一个,高雅,又,高贵,的,事情,。
如今,，,低头,族,大部分,都,是,在,玩,手机,，,有,少部分,低头,族,是,在,读书,、,学习,。
我们,要,多,读书,，,少玩,手机游戏,消磨,时间,，,才能,有,辉煌,的,明天
如果,想,有,辉煌,的,明天,，,就要,多一些,“,高贵,的,低头,”,。
以,我,分析,，,如果说,读书,是,高贵,的,低头,，,那么,玩,手机,就是,不,高贵,的,低头,。
多一些,“,高贵,的,低头,”
要,做,一个,高贵,的,“,低头,族,”,这样,我们,才,是,一个,有,文品,的,人,。
行为,影响,位置
少,一些,“,低头,族,”,，,多一些,“,高贵,的,低头,”,，,让,低头,变得,有,价值,。
如果,想,有,辉煌,的,明天,，,就,应该,好好,读书,，,多,读书,，,多一些,高贵,的,低头,。
我们,要,多,读书,，,那样,才,会,有,辉煌,的,明天,。
如果,想,有,辉煌,的,明天,，,就,请,你,也,多一些,“,高贵,的,低头,”,。
低头,就要,做,“,高贵,的,低头,”,，,所谓,“,低头,族,”,不仅,为良,费时间,，,还会,给,身心,带来,伤害,。
我们,要,多一些,“,高贵,的,低头,”,。
多一些,“,高贵,的,低头,”,。
想要,辉煌,的,明天,，,就要,低头,读书
要,多一些,高贵,的,低头,，,不要,总是,低头,玩,手机,多,看书,会,有,更好,的,明天
现在,的,人,大多数,都,是,低头,族,，,只有,少数,人,是,抬头,，,所以,要,“,高贵,的,低头,”,。
人们,要,多一些,“,高贵,的,低头,”
多一些,“,高贵,的,低头,”,，,不,做,“,低头,族,”,。
现如今,，,大多数,的,人,都,是,“,低头,”,而,“,高贵,的,低头,”,的,人太少,了,.
多,读书,，,就,有,了,知识,，,只有,知识,才,可以,看出,高低贵贱,。
如果,想,有,辉煌,的,明天,，,就,请,你,也,多一些,“,高贵,的,低头,”,。
讽刺,现代人,的,“,低头,”
如果,想,有,辉煌,的,明天,，,请,你,也,多一些,“,高贵,的,低头,”,。
多一些,“,高贵,的,低头,。
如果,想,有,辉煌,的,明天,，,就,应该,多一些,高贵,的,低头,。
做,一个,“,高贵,的,低头,”,。
如果,想,有,辉煌,的,明天,，,就,多一些,“,高贵,的,低头,。
如果,想,有,辉煌,的,明天,，,就,请,你,也,多一些,“,高贵,的,低头,。,”
如果,想,有,辉煌,的,明天,，,就,请,你,也,多一些,“,高贵,的,低头,。,”
如果,想,有,辉煌,的,明天,，,就要,多一些,“,高贵,的,低头,”,。
多一些,“,高贵,的,低头,”
高贵,的,低头,；
我,认为,要,表达,，,怎样,才,可以,让,低头,玩,手机,的,，,变成,低头,看书,的,。
如果,想,有,辉煌,的,明天,，,就,请,你,也,多一些,“,高贵,的,低头,”
多一些,高贵,的,低头,。
作者,的,观点,是,让,我们,抬起,头,，,不要,让,我们,在,低着头,玩,了,，,让,我们,多,低头,学习,干些,有益,的,事情,。
如果,想,有,辉煌,的,明天,，,就,请,你,也,多一些,“,高贵,的,低头,”,。
让,人们,少看,一点,手机,，,多去,读书,。
如果,想,有,辉煌,的,明天,，,就,请,你,也,多一些,“,高贵,的,低头,”,。
读书,是,“,高贵,的,低头,”,那么,玩,手机,就,不是,，,读书,增长,知识,以后,能,抬起,头,，,玩,手机,却,不行,。
请,多一些,“,高贵,的,低头,”,少玩,手机,，,这样,我们,的,城市,就,会,十分,有,文化,。
多一些,“,高贵,的,低头,”
人们,总是,玩,手机,，,低头,打游戏,。,我们,要,多,读书,，,多一些,高贵,的,低头
多一些,看书,之类,的,低头,，,少,一些,玩,手机,的,低头
要,多,读书,，,少看,一些,手机
高贵,的,低头,与,低头,族
不要,再,把,无限,美好,的,时光,放在,游戏,和,韩剧,上,，,应该,多读,一些,对,自己,有利,的,书,。
我们,应该,把,时间,多用,在,学习,和,读书,上,，,少去,看,那些,手机,，,电脑,，,只有,做,高贵,的,低头,才能,改变,我们,的,未来,。
不要,天天,低头,玩,手机,，,多,看看书,，,多,做,一些,对,自己,有,帮助,的,事情,。
希望,读者,们,多一些,高贵,的,低头,，,也,就是,希望,人们,多读,一些,书,。
多一些,“,高贵,的,低头,”,。
如果,想,有,辉煌,的,明天,，,那么,就要,多一些,“,高贵,的,低头,”,，,即要,多,看书,。
低头,族,影响,学业,与,事业,。
作者,要,表达,的,观点,是,人,与,人,之间,差别,只是,在,一个,小,举动,中,，,还有,一个,观点,是,少,低头,玩,手机,，,尽量,的,“,高贵,的,低头,”
如果,想,有,辉煌,的,明天,，,就,请,多一些,“,高贵,的,低头,”,。
要,多些,“,高贵,的,低头,”,，,而,不是,当,一个,“,低头,族,”,。
要,多一些,“,高贵,的,低头,”,，,少,一些,“,不,高贵,的,低头,”,。
他,想,表明,低头,读书,是,高贵,的,低头,，,反映,了,当今社会,读书,的,人,越来越少,的,现象,。
多一些,”,高贵,的,低头,“,。
多一些,“,高贵,的,低头,”,。
希望,大家,多一些,“,高贵,的,低头,”,，,多为,学习,知识,，,广博,见闻,而,低头,。
要,多一些,“,高贵,的,低头,”,。
低头,族,影响,学业,和,生活,。
如果,想要,有,辉煌,的,明天,，,就,请,多,“,高贵,的,低头,”,去,学习,和,阅读,。
做,“,高贵,的,低头,”,族
少,一些,“,低头,族,”,，,多一些,高贵,的,低头,。
多一些,“,高贵,的,低头,”,。
多一些,“,高贵,的,低头,”
读书,是,“,高贵,的,低头,”
多一些,“,高贵,的,低头,”,，,少,一些,娱乐性,的,“,低头,”,。
要,多一些,“,高贵,的,低头,”,，,要,多,素数,，,少,玩游戏,，,这样,才能,有,出息,。
作者,想,表达,：,在生活中,多一些,“,高贵,的,低头,”,就,会,有,辉煌,的,明天,。
只要,有,付出,，,就,会,有,回报,。
多一些,“,高贵,的,低头,”,。
我,认为,作者,想,表达,让,我们,多一些,“,高贵,的,低头,”,，,多,看书,，,多学,一些,知识,。
主要,表达,了,要,做,高贵,的,低头,族,，,不要,做,不,高贵,的,低头,族
如果,我们,想,拥有,辉煌,明天,，,多一些,”,高贵,的,低头,“,多,读书,丰富,，,升华,自己,。
多一些,高贵,的,低头,。
现在,“,低头,族,”,很多,，,电子产品,使,我们,思想,变差,，,影响,我们,的,学习,和,身心健康,。
许多,学生,都,爱,低头,玩,手机
在生活中,应,多一些,“,高贵,的,低头,”,多,读书,，,学习,知识,而,不是,看,手机,，,玩游戏,。
“,低头,族,”,一直,在,低头,玩,手机,，,而,“,高贵,的,低头,”,就是,读书,，,学习
不要,把,时间,浪费,在,手机,上,，,要,多,看书,做,有,意义,的,事,。
如果,想,有,辉煌,的,明天,，,就,请,你,也,多一些,高贵,的,低头,族,。
多一些,“,高贵,的,低头,”,，,读书,。
如果,想要,有,辉煌,的,明天,，,就,有,多,看,一些,书,。
人们,应该,多,读书,少玩,手机,，,多一些,“,高贵,的,低头,”,。
要,做,一个,“,高贵,的,低头,族,”,。
多一些,“,高贵,的,低头,”
我们,要,多一些,“,高贵,的,低头,”,，,少,一些,“,无用,的,低头,”,。
如果,你,想,成功,，,那么,请,多用,一些,时间,来,读书
如果,想,有,辉煌,的,明天,，,就,请,你,也,多一些,“,高贵,的,低头,。
多一些,“,高贵,的,低头,”
在生活中,，,如果,想,有,辉煌,的,明天,，,就,请,你,也,多一些,“,高贵,的,低头,”,。
人们,要,多一些,“,高贵,的,低头,”
读书,是,“,高贵,的,低头,”,。
如何,做,“,高贵,的,低头,族,”,。
我们,应该,多,读书,，,才能,拥有,辉煌,的,明天,。
如果,想,有,辉煌,的,明天,，,就,请,你,也,多一些,“,高贵,的,低头
多一些,高贵,的,低头
人们,一般,低头,都,是,玩,手机,“,高贵,的,低头,在,水,了,。,我们,要,学会,高贵,的,低头,。
到底,是,人,的,位置,影响,了,行为,呢,，,还是,人,的,行为,影响,了,位置,呢,？
多些,“,高贵,的,低头,”
如果,想,有,辉煌,的,明天,，,就,多一些,“,高贵,的,低头,”
多一些,“,高贵,的,低头,”,。
如果,想要,有,辉煌,的,成就,，,就要,多,读书,，,多一些,“,高贵,的,低头,”,。
高贵,的,低头
多一些,“,高贵,的,低头,”,。
多,做,一些,高贵,的,低头,族,，,把,时间,用,在,有,较,的,地方,。
多一些,高贵,的,头,，,少,一点,“,高贵,的,低头,”
如果,有,辉煌,的,明天,，,请,你,多一些,高贵,的,低头,。
如果,想要,辉煌,的,明天,，,就,请,你,也,多一些,《,高贵,的,低头,》
我们,要,多一些,高贵,的,低头
生活,中,的,大多数,“,低头,族,”,都,已,戴,上,眼镜,，,说明,这,还,影响,我们,的,眼镜,健康
我们,应多,读书,，,广博,见闻,，,提高素质,，,增强,本领
做,这项,表达,要,多,看书,，,要,“,高贵,的,低头,”
多一些,“,高贵,的,低头,”,。
多一些,“,高贵,的,低头,”
作者,想,表达,的,是,他,希望,这些,低头,玩,手机,的,人,可以,把,手机,换,成熟,变成,“,高贵,的,低头,”
如果,想,有,辉煌,的,明天,，,就,请,多一些,高贵,的,低头
大家,都,低头,把,，,不,，,是,高贵,的,低头,，,看看书,，,这样,以后,才,会,高贵,的,低头
我,应该,多,低头,去,阅读,而,不是,去,玩,手机,，,多,阅读,以后,才能,出人头地
观点,：,为了,学习,知识,，,广博,见闻,提高素质,，,增强,本领,，,多一些,：,高贵,的,低头,”
若,想得到,成功,，,我们,就要,努力学习
少玩,手机,，,多,读书
不要,沉迷于,手机,，,要,多,读书
低头,族,太,多,，,提,抬头,率,并,多一些,高贵,的,低头
如果,想,有,辉煌,的,明天,，,就要,多一些,高贵,的,低头
要,多一些,高贵,的,低头,族
如果,想,有,辉煌,的,明天,，,就,请,你,也,多一些,“,高贵,的,低头,”,。
作者,主要,想,让,我们,了解,到,现在,的,生活,中,的,“,@,”
多一些,高贵,的,低头
我们,要,多一些,“,高贵,的,低头,”,，,不要,做,呐,不,那么,高贵,的,低头
如果,想,有,辉煌,的,明天,，,就,请,你,多一些,“,高贵,的,低头,”
要,多一些,高贵,的,低头,，,成就,辉煌,的,明天
如果,想,有,辉煌,的,明天,，,就,多些,高贵,的,低头,，,少,低头,看,手机
多一些,“,高贵,的,低头,”,，,多,读书,，,少玩,手机
不,应该,低头,玩,手机,应该,低头,看书,认为,读书,是,一种,的,高雅,的,行为,。,看书,是,高贵,的,低头,。
如果,想,有,辉煌,的,明天,，,就,请,你,也,多一些,“,高贵,的,低头,”
多一些,“,高贵,的,低头,”
希望,让,我们,做,“,高贵,的,低头,族,”,，,并,说出,“,高贵,的,低头,”,与,“,低头,族,”,的,差异,来,对比,。
如果,想,有,辉煌,的,明天,，,就,请,你,多一些,“,高贵,的,低头,”
一个,是,“,低头,族,，,一个,是,“,高贵,的,低头,”,，,两个,意思,不同,，,一个,是,玩,手机,，,一个,是,读书,。
如果,想要,有,辉煌,的,明天,，,就,请,不要,继续,低头,使用,手机,，,而是,低头,阅读,书籍,。
如果,想,有,辉煌,的,明天,，,就,请,你,多一些,“,高贵,的,低头,”
我们,只有,多,低头,读书,，,将来,才能,抬起,头,，,出人头地,。
如果,想,有,辉煌,的,明天,，,就,请,你,也,多一些,“,高贵,的,低头,”
多一些,“,高贵,的,低头,”,。
多一些,“,高贵,的,低头,”
如果,想,有,辉煌,的,明天,，,就,应该,多一些,“,高贵,的,低头,”,。
观点,是,要,做,一些,有,意义,的,低头,，,那些,高贵,的,低头,可以,给,你,带来,很,好,的,东西,。
少,一些,不,那么,告贵,的,低头,，,多一些,高贵,的,低头,。
如果,想,有,辉煌,的,明天,，,就,请,你,也,多一些,“,高贵,的,低头,”,。
表达,作者,每个,人,都,需要,“,高贵,的,低头,”
通过,举例,作者,本人,的,思考,，,表达,了,作者,希望,多一些,“,高贵,的,低头,”,的,观点,。
多一些,“,高贵,的,低头,”
要,多一些,“,高贵,的,低头,”
如果,想,有,辉煌,的,明天,，,就,请,你,也,多一些,“,高贵,的,低头,”,。
如果,想,有,辉煌,的,明天,，,就要,多,读书,。
人们,应该,多去,读书,，,少玩,手机
如果,想,有,辉煌,的,明天,，,就,请,你,也,多一些,“,高贵,的,低头,”,。
少,一些,玩,手机,，,多一些,低头,看书,的,。
如果说,读书,是,“,高贵,的,低头,”,，,那么,玩,手机,就是,不,那么,高贵,的,低头,。
他,想,表达, ,现如今,低头,族,玩,手机,打游戏,的,太,多,了,，,他,想要,多一些,低头,读书,的,少,一些,低头,玩,手机,的
作者,表达,了,真正,的,成功,不是,玩,手机,就,能,获得,的,，,也,表达,了,作者,号召,大家,读书
低头,学习,高贵,，,不学无术,不,高贵
我,认为,作者,表达,是,少,一些,“,低头,族,”,多一些,“,高贵,的,低头,族,”,。
要,多多,“,高贵,的,低头,”,，,要,多,读书,，,不要,经常,低头,玩,手机,，,不要,做,“,低头,族,”,。
如果,想,有,辉煌,的,明天,，,就,请,你,也,多一些,“,高贵,的,低头,”
多一些,“,高贵,的,低头,”,。
手机,让,我们,开始,“,低头,”,，,但,对于,学习,的,“,低头,”,却是,高贵,的, ,。
如果,想,有,辉煌,的,明天,，,就,请,你,也,多一些,“,高贵,的,低头,”
多一些,“,高贵,的,低头,”
表达,不能,天天,依赖,手机,，,也,要,多,看看书
人应,多一些,“,高贵,的,低头,”,。
多一些,“,高贵,的,低头,”,。
想要,有,辉煌,的,明天,，,就,请,你,多一些,“,高贵,的,低头,”,。
我们,要,多,读书,，,才能,有,辉煌,的,明天,。
人们,应该,多些,“,高贵,的,低头,”,。
如果说,读书,是,“,高贵,的,低头,族,”,，,那么,，,玩,手机,就是,不,那么,高贵,的,低头,族,。
只有,坚持,“,高贵,的,低头,：,，,才能,保证,事业,的,成功,。
多一些,“,高贵,的,低头,”,。
多一些,“,高贵,的,低头,”,。
人们,不,应该,总是,玩,手机,，,应多,看看书,，,只有,学习,到,知识,，,才能,有,更好,的,未来
读书,是,高贵,的,低头,，,玩,手机,不是,高贵,的,低头,，,如果,想,拥有,辉煌,的,明天,，,应,多一些,高贵,的,低头,。
如果,想,有,辉煌,的,明天,，,就,请,你,也,多一些,“,高贵,的,低头,”,。
作者,想,表达,我们,应该,多去,读书,。
要,多一些,“,高贵,的,低头,”,，,不要,沉迷,与,手机,之中,。
要,“,高贵,的,低头,”,。
人们,要,多一些,“,高贵,的,低头,”
如果,想,有,辉煌,的,明天,，,就,请,你,多一些,“,高贵,的,低头,”,。
如果,想,有,辉煌,的,明天,，,就,请,你,也,多一些,高贵,的,低头,。
要,多一些,“,高贵,的,低头,”,少,一些,玩,手机,的,低头,。
如果,想,有,辉煌,的,明天,，,就要,多一些,高贵,的,低头,。
如果,想,有,辉煌,的,明天,，,就,请,你,也,多一些,“,高贵,的,低头,”,。
我们,要,多,读书,，,多一些,高贵,的,低头,。
如果,想,有,辉煌,的,明天,，,就,请,你,多一些,“,高贵,的,低头,”,。
多一些,“,高贵,的,低头,”,，,少,一些,因为,手机,而,低头,的,人
我们,更,多一些,“,高贵,的,低头,”,。
如果,想,有,辉煌,的,明天,，,请,你,多一些,“,高贵,的,低头,”
“,高贵,的,低头,”,是,为了,读书,，,低头,是,为了,玩,手机,，,作者,要,表达,底头,时,，,你,做,的,事,与,你,玩游戏,的,差别,。
作者,认为,低头,玩游戏,是,低贵,的,低头,，,而,低头,学习,看书,是,高贵,的,低头,。
当今社会,太多,的,人,都,是,低头,族,，,只有,小,部分,人,是,“,高贵,的,低头,族,”,。
多一些,高贵,的,低头
要,多,看书,，,成为,一个,高贵,的,人,，,不要,一味,的,低头,打游戏,，,玩,手机,。
文章,想,说明,多一点,“,高贵,的,低头,”,，,少,一点,“,不,那么,高贵,的,低头,”,。
多一些,“,高贵,的,低头,”
多一些,高贵,的,低头,，,高贵,的,低头,是,为了,建功立业,，,一鸣惊人,。
作者,要,表达,不要,总是,低头,玩,手机,或,干,一些,别的,事情,，,一些,高贵,的,低头,看看书,什么,的,。
如果,想,有,辉煌,的,明天,，,请,你,也,多一些,“,高贵,的,低头,”,。
想,拥有,辉煌,的,明天,我们,就要,多,看书,，,多,看书,，,而,不是,低头,去,玩,手机,看电视
如果,想,有,辉煌,的,明天,，,就,请,多一些,“,高贵,的,低头,”,。
要,多,学习,和,读书,，,不要,老玩,手机,。
是,“,低头,族,”,，,高贵,的,“,低头,族,”,与,玩,手机,的,“,低头,族,”,。
多一些,“,高贵,的,低头,”
我们,要,多,读书,学习,知识,、,广博,见闻,，,提高素质,，,增强,本领,。
希望,人们,不要,老去,玩,手机,，,而是,多,读书,。
使,大家,少,一些,低头,玩,手机,，,多一些,低头,看书,。
悲哀,，,想象
多一些,“,高贵,的,低头,”
面对,不同,人,，,我们,应该,用,委婉,暗示,的,方法,，,规劝,别人,，,如果,直接,直面,说出,那,只能,以,失败,而终,，,甚至,会,让,别人,难堪,，,危害,到,自己,。,对人对事,的,态度,也,要,委婉,一些,。
多一些,“,高贵,的,低头,”,。
在,空闲,时间,，,多一些,低头,看书,的,人,。
如果,想,有,辉煌,的,明天,，,就,请,你,也,多一些,“,高贵,的,低头,”,。
要,我们,做,一名,“,高贵,的,低头,族,”,把,低头,时,的,时间,做些,有利于,自身,的,事,。,这样,才能,有,辉煌,的,一天,。
人,的,行为,会,影响,自己,的,社会,地位,，,不要,过渡,依赖,手机
“,低头,族,”,会,影响,我们,的,行为,，,如果,想,有,辉煌,的,明天,，,就,请,你,也,多一些,“,高贵,的,低头,人,”
还会,有,生命危险,在,马路上,玩,手机,出车祸,的,可,不止,一个,，,还会,对,健康,有,影响,，,现在,很多,小学生,都,开始,戴眼镜,了
希望,人们,能够,多,读书,，,多一些,”,高贵,的,低头,“,而,不是,低头,玩,手机
低族,的,和,高贵,的,低头,做,比较
我,认为,作者,的,主要,观点,是,我们,不要,玩,手机,应该,多,看书
如果,想,有,辉煌,的,明天,，,就,请,你,也,多一些,“,高贵,的,低头,”,。
如果,想,有,辉煌,的,明天,，,我们,就要,多,读书,。
我们,要,做,“,高贵,得,低头,族,”
高贵,的,低头,是,为了,是,为了,学习,知识,，,广博,见闻,，,提高素质,，,增强,本领,，,有,了,高贵,的,低头,才能,指,起,高贵,的,头,，,建功立业,，,一鸣惊人
影响,家人,之间,的,沟通,，,生活,中有,的,一家人,聚在,一块,玩,手机,，,彼此,不,说话,和,交流,。
总是,盯,着,手机,看行行,，,会,对,眼睛,造成,伤害,，,导致,视力,下降,，,影响,了,身心健康,。
多一些,高贵,的,低头,，,少,一些,低头,族
我们,要,多,读书,。
还,影响,了,我们,的,身体健康,。
作者,的,关点,是,低头,族,有,两个,方面,，,一个,是,好,，,一个,是,坏,，,好,的,是,看书,，,坏,的,是,打游戏,。
多一些,”,高贵,的,低头,“,。
把玩,手机,的,低头,变成,高贵,的,低头,才能,将来,抬起,高贵,的,头,。
多一些,“,高贵,的,低头,”
人,的,位置,影响,了,行为,还是,人,的,行为,影响,了,位置,。
作者,主要,表达,了,读书,的,好处,对外,表达,出,的,读书,的,人少,。,我们,要,多,读书,，,读书,影响,我们,的,*
一个,人想,有,辉煌,的,明天,，,就要,多,读书,。
多,读书,才能,拥有,辉煌,的,明天,。
如果说,读书,是,高贵,的,低头,那么,玩,手机,就是,不,那么,高贵,的,低头
”,低头,族,“,的,危害,。
做人,要,多一些,“,高贵,的,低头,”,，,“,高贵,的,低头,”,不仅,能,收获,知识,，,还是,在,为,你,辉煌,的,明天,打下基础,。
多一些,“,高贵,的,低头,”
少玩,手机,多,读书,，,多一些,“,高贵,的,低头,”
不要,总是,低头,玩,手机
看书,比看,手机,好
如果,想,有,辉煌,的,明天,，,就,请,你,也,多一些,“,高贵,的,低头,”,。
如果,想,有,辉煌,的,明天,，,就,请,你,也,多一些,“,高贵,的,低头,”,。
如果,想,有,辉煌,的,明天,，,就要,多,看,一些,书,，,多一些,“,高贵,的,低头,族,”,。
多一些,高贵,的,低头,。
只有,多一些,“,高贵,的,低头,”,，,才能,有,辉煌,的,明天,。
多,低头,看书,，,少,低头,玩,手机,。
想要,人们,低头,玩,手机,的,人,变少,，,读书人,变多,。
人要,多一些,“,高贵,的,低头,”,（,看书,）,，,少,一些,不,“,高贵,的,低头,”,（,玩,手机,）
要,“,高贵,的,低头,”,不要,成为,低头,族
表达,了,大家,要,成为,高贵,的,低头,的,那,一种,人,。
低头,的,人,比,抬头,的,人,多,了,好,多倍,，
如果,想,有,辉煌,的,明天,，,就,请,你,也,多一些,“,高贵,的,低头,”,。
我们,在生活中,要,做,“,高贵,的,低头,”,，,多,读书,，,用,不是,低头,去,玩,手机,。,《,如果,想,有,辉煌,的,明天,，,就,请,你,也,多一些,“,高贵,的,低头,”,。,）
如果,想,有,辉煌,的,明天,，,就,请,你,也,多一些,“,高贵,的,低头,”
我们,应,将,有限,的,时间,用,在,学习,和,读书,上,，,不,应,浪费,在,玩,手机,看,电影,上,。
人们,需要,多,看看书,，,少玩,手机,，,做,“,高贵,的,低头,族,”,。
“,高贵,的,低头,”,是,为了,学习,知识,，,建功立业,，,提高素质,的,。,反之,少,了,这个,，,腹中,空空,，,不学无术,，,未来,注定,没有,希望,。
如果,想,有,辉煌,的,明天,，,就要,多一些,“,高贵,的,低头,”,，,而,不是,将,低头,用,在,一些,无,意义,的,事,上,。
多一些,“,高贵,的,低头,”,能,有,更好,的,未来,。
如果,想,有,辉煌,的,明天,—,—,就,请,你,也,多一些,“,高贵,的,低头,”,。
如果,想,有,辉煌,的,明天,，,就,请,你,多一些,高贵,的,低头
多一些,“,高贵,的,低头,”,少,一些,“,低头,族,”,。
多一些,“,高贵,的,低头,”
“,高贵,的,低头,”,（,读书,）,才能,使人,将来,抬头,，,建功立业,，,一鸣惊人,。
多一些,“,高贵,的,低头,”,。
我,认为,本文,作者,要,表达,要,努力学习,的,观点,，,少,一点,玩,手机,的,习惯,，,让,家长,往里面,充钱,。
多一些,“,高贵,的,低头,”,。
多一些,”,高贵,的,低头,“
我们,要,多,读书,，,多一些,“,高贵,的,低头,”,。
我们,应该,做,一个,高贵,的,低头,族,以,工作,学习,为主,做,一个,有,文化,的,人
人们,要,多一些,”,高贵,的,低头,“
如果,想,有,辉煌,的,明天,，,就,请,你,多一些,“,高贵,的,低头,”
文章,想,说明,多一些,“,高贵,的,低头,”,，,少,一点,“,不,那么,高贵,的,低头,”,。
希望,人们,空闲,时间,多,读书,，,而,不是,低头,玩,手机,。
少玩,手机,，,多,看书,。
如果,想,有,辉煌,的,明天,，,请,你,也,多一些,“,高贵,的,低头,”,。
让,我们,多读,一些,好书,，,不要,沉默,在,游戏,中,。
作者,认为,我们,应,在生活中,多一些,“,高贵,的,低头,”,。
如果,想,有,辉煌,的,明天,，,就,请,你,也,多一些,“,高贵,的,低头,”,。
主要,表达,希望,我们,多一些,“,高贵,的,低头,”
多一些,高贵,的,低头,。
如果,想,有,辉煌,的,明天,，,就,请,你,也,多一些,“,高贵,的,低头,”,。
只有,多一些,高贵,的,低头,才能,拥有,美好,的,明天,。
多一些,“,高贵,的,低头,”,。
想要,有,辉煌,的,明天,，,就要,多一些,“,高贵,的,低头,”
我们,要,多,读书,。
如果,想,有,辉煌,的,明天,，,就,请,你,也,多一些,”,高贵,的,低头,“
如果,想,有,辉煌,的,明天,，,请,多,读书
对,“,低头,族,”,的,失望,以及,对,“,高贵,的,低头,”,的,赞美,。
只有,提升,了,自身,的,素质,增强,本领,，,才,会,有,辉煌,的,明天
我们,应,多一些,“,高贵,的,低头,”
如果,想,有,辉煌,的,明天,，,就,请,你,也,多一些,“,高贵,的,低头,”,。
人们,要,一些,“,高贵,的,低头,”
如果,想,有,辉煌,的,明天,，,就要,多,学习,些,知识,，,这样,才能,抬起,“,高贵,的,头,”,，,建功立业
如果,想,有,辉煌,的,明天,，,就,请,你,也,多一些,“,高贵,的,低头,”,。
要,想,有,辉煌,的,明天,，,就要,学习,知识,，,广博,见闻,，,提高素质,，,增强,本领
如果,想,有,辉煌,的,明天,，,就,请,你,也,多一些,高贵,的,低头,。
多一些,高贵,的,低头
人们,应该,多一些,高贵,的,低头,。
人们,应当,多,读书
如果,想,有,辉煌,的,明天,，,就,请,你,多一些,“,高贵,的,低头,”
如果,想,和,辉煌,的,明天,，,就,请,你,也,多一些,高贵,的,头,。
不要,多,玩,手机,要,多,看看书,只有,书,才能,提高,自己
如果,想,有,辉煌,的,明天,，,就,请,你,也,多一些,“,高贵,的,低头,”
如果,想,有,辉煌,的,明天,，,就,请,你,也,多一些,“,高贵,的,低头,”
人,应当,多一些,“,高贵,的,低头,”,。
如果,想,有,辉煌,的,明天,，,就,请,你,也,多一些,“,高贵,的,低头,”
如果,想,有,辉煌,的,明天,，,就,请,你,也,多一些,“,高贵,的,低头,”,。
希望,大家,多,看些,书,，,少玩,手机
人们,应该,多,读书,，,增添,自己,的,知识,，,而,不是,沉迷于,游戏,和,电视剧,。
如果,想,有,辉煌,的,明天,，,就,请,你,也,多一些,“,高贵,的,低头,”,。
我们,也,要,多一些,“,高贵,的,低头,”
多一些,“,高贵,的,低头,”,。
在,低头,的,时候,多,做,一些,有,价值,的,事
多,读书,，,多一些,“,高贵,的,低头,”,。
如果,想,有,辉煌,的,明天,，,就,请,你,也,多一些,“,高贵,的,低头,”
如果,想,有,辉煌,的,明天,，,就,请,你,也,多一些,“,高贵,的,低头,”
如果,想,有,辉煌,的,明天,，,就,请,你,也,多一些,“,高贵,的,低头,”
如果,想,有,辉煌,的,明天,，,就,请,你,也,多一些,“,高贵,的,低头,”,。
多一些,“,高贵,的,低头,”
读书,是,高雅,的,行为,是,高贵,的,低头
如果,想要,有,辉煌,的,明天,，,就,请,你,多一些,“,高贵,的,低头,”,。
如果,想,有,辉煌,的,明天,，,就,请,你,也,多一些,高贵,的,低头
少玩,手机,多,看看书,。
多一些,“,高贵,的,低头,”,学,知识,长,本领,，,将来,才能,抬起,“,高贵,的,头,”,建功立业,，,一鸣惊人,。
多,看书,学习,别,在,玩,手机,了
没事,时要,多,读书,，,少玩,手机
多一些,“,高贵,的,低头,。
多一些,“,高贵,的,低头,”,，,不,做,“,低头,族,”
要,做,“,高贵,的,低头,族,”,为了,自己,的,将来,能,抬起,“,高贵,的,头,”,，,建功立业,，,一鸣惊人,。
人要,多,读书,，,才能,有所,成就
如果,想,有,辉煌,的,明天,，,就,应该,多一些,“,高贵,的,低头,”,。
少花,一点,时间,在,玩,手机,等,娱乐活动,上,，,多好,一点,时间,在,学习,与,读书,上,。
低头,族,和,“,高贵,的,低头,族,”,的,行为,区别
如果,想,有,辉煌,的,明天,，,就,请,你,也,多一些,高贵,的,低头,。
想,有,辉煌,的,明天,，,就要,多一些,“,高贵,的,低头,”,。
要,学会,做个,“,高贵,的,低头,”,，,而,不是,去,低头,玩,手机,。
作者,表达,现在,人们,总是,低头,玩,手机,，,而,不是,低头,读书,，,呼吁,人们,看,一些,“,高贵,的,低头,”,去,读书,。
生活,中要,多一些,“,高贵,的,低头,”
作者,主要,表达,“,希望,高贵,的,低头,族,多一些,。,”
“,高贵,的,低头,”,多,了,才能,抬起,“,高贵,的,头,”,。
我们,应当,多些,为,知识,的,低头
我们,应该,多一些,高贵,的,低头,。
我,认为,主要,表达,了,作者,希望,人们,多,读书,而,不是,做,没用,的,事,（,玩,手机,）,，,希望,人们,知道,读书,能,使,生活,变,美好,。
本文,作者,主要,想,表达,多一些,“,高贵,的,低头,”,也,就是,低下头,看书,而,不是,手机,。
要,学会,“,高贵,的,低头,”,，,不要,总是,低头,玩,手机,。
如果,想,有,辉煌,的,明天,，,请,你,也,多一些,“,高贵,的,低头,”,。,／,多一些,“,高贵,的,低头,”,。
我们,应该,去,做,“,高贵,的,低头,”
作者,表达,了,“,想要,有,辉煌,的,明天,，,就要,多一些,”,高贵,的,低头,“,的,观点,。
我们,应该,“,高贵,的,低头,”,。
“,高贵,的,低头,”,是,为了,学习,知识,，,广博,见闻,，,提高素质,，,增强,本领,。
让,我们,多一些,“,高贵,的,低头,”,（,高贵,的,低头,：,读书,）
请,多一些,“,高贵,的,低头,”,。
如果,想,有,辉煌,的,明天,，,就,请,你,也,多一些,“,高贵,的,低头,”,。
如果,想,有,辉煌,的,明天,，,就,请,你,多一些,“,高贵,的,低头,”
低头,常用,于,看书
作者,要,表达,的,观点,是,我们,应该,要,多,看书,，,不要,一味,的,老,玩,手机,因为,那样,一点,都,不好,。
我们,要,多些,“,高贵,的,低头,”,这样,我们,才,可以,建功立业,，,一鸣惊人,，,学习,到,更,多,知识,，,告诉,我们,要,多,读书
多一些,“,高贵,的,低头,”
生活,中要,多些,“,高贵,的,抬头,”
要,学会,高贵,的,低头,，,才能,抬起,“,高贵,的,头,”
多一些,“,高贵,的,低头,”
如果,想,成功,，,要,多一些,高贵,的,低头
应该,多,看看书,，,不要,老,低头,玩,手机
如果,想,有,辉煌,的,明天,，,就,请,你,也,多一些,高贵,的,低头
如果,想,有,辉煌,的,明天,。,就,请,你,也,多一些,“,高贵,的,低头,”,。
我们,要,善于,读书,学习,知识,，,广博,见闻,，,提高素质,，,增强,本领,。
我们,要,多一些,“,高贵,的,低头,”,。
如果,读书,是,：,高贵,的,低头,“,，,那么,玩,手机,就是,不,那么,高贵,的,低头,。
如果,想,有,辉煌,的,明天,，,就,请,你,也,多一些,“,高贵,的,低头,”,。
人们,应该,多一些,“,高贵,的,低头,”,而,不是,低头,玩,手机
人们,应,高贵,有,低头,，,多学,一些,知识,以后,才能,高贵,的,台头
如果,想,有,辉煌,的,日天,，,就,请,你,也,多一些,“,高贵,的,低头,”
如果,想,有,辉煌,的,明天,，,就,请,你,也,多一些,高贵,的,低头,。
我们,要,多一些,“,高贵,的,低头,”,，,多,读书,和,学习,，,少,低头,玩,手机,。
如果,想,有,辉煌,的,明天,，,就,请,你,多一些,高贵,的,低头
高贵,的,低头
如果,想,有,辉煌,的,明天,，,就,请,多一些,“,高贵,的,低头,”,少,一些,“,低头,族,”
如果,想,有,辉煌,的,明天,，,就,请,你,多一些,“,高贵,的,低头,”,。
不要,做,“,低头,族,”,，,多,做,“,高贵,的,低头,”
我们,要,多一些,“,高贵,的,低头,”,。
表达,如果,想,有,辉煌,的,明天,，,请,利用,玩,手机,的,时间,读读书,，,学习,知识,，,广博,见闻,，,提高素质,。
少玩,手机,，,多,看书
如果,想,有,辉煌,的,明天,，,就,你,也,多一些,高贵,的,低头,。
多一些,高贵,的,低头,，,少,一些,不,那么,高贵,的,低头,，,将来,才能,建功立业,，,一鸣惊人,。
多一些,“,高贵,的,低头,”
我们,要,多一些,“,高贵,的,低头,”,，,未来,才能,抬起,“,高贵,的,头,”,。
如果,想,有,辉煌,的,明天,，,就,请,你,也,多一些,“,高贵,的,低头,”
作者,的,观点,是,多些,高贵,的,低头
如果,想,有,辉煌,的,明天,，,请,多一些,“,高贵,的,低头,”
如果,想,有,辉煌,的,明天,，,就,请,你,也,多一些,“,高贵,的,低头,”,。
多一些,“,高贵,的,低头,”
想要,有,辉煌,的,明天,，,就,多一些,“,高贵,的,低头,”
多一些,“,高贵,的,低头,”
高贵,的,低头,可以,学习,知识,，,广博,见闻,，,提高素质,，,增强,本领,。,高贵,的,低头,多,了,，,将来,才能,建功立业,，,一鸣惊人
如果,想,有,辉煌,的,明天,，,就,请,你,也,多一些,“,高贵,的,低头,”
如果,想,有,辉煌,的,明天,，,就,请,你,也,多一些,“,高贵,的,低头,”
请,你,多一些,“,高贵,的,低头,”
现在,的,社会,“,低头,族,”,大多,，,人们,不,应该,整天,低头,玩,手机
如果,想要,辉煌,的,明天,，,就要,多一些,“,高贵,的,低头,”
多一些,“,高贵,的,低头,”
作者,想,对,我们,如果,低头,不是,玩,手机,而是,在,看书,，,那该,多长,大家,应该,要,不要,当,低头,族
要,多,读书,，,好好学习
人要,多,读书,，,而,不是,去,玩,手机,。
“,高贵,的,低头,”,不是,在,玩,手机,打游戏,，,而是,在,认真,的,学习,、,证书,的,观点
“,高贵,的,低头,”,是,为了,学习,知识,，,广博,见闻,，,提高素质,，,增强,本领,。
不管,在,什么,时候,都,要,“,高贵,的,低头,”,那样,会,让,你,本身,受到,赞誉,。
表达,了,作者,”,低头,族,“,是因为,什么,造成,的,。
作者,认为,低头,看书,是,高贵,的,低头,，,既,是,对,记载,人类文明,书籍,的,赞誉,更是,对,读书,这一,高雅,行为,的,褒奖,。
如果,想,有,辉煌,的,明天,，,就,请,你,也,多一些,“,高贵,的,低头,”
如果,想,有,辉煌,的,明天,，,就,请,你,多一些,“,高贵,的,低头,”
不同,低头,族,做,着,不同,的,事
如果,读书,是,：,高贵,的,低头,“,，,那么,玩,手机,就是,不,那么,高贵,的,低头,。
希望,我们,“,高贵,的,低头,”,是,在,读书,和,学习,上,，,而,不是,在,手机,上,。
如果,想,有,辉煌,的,明天,，,那,就,应该,多,低头,干,一些,有,意义,的,事,。
应,把玩,手机,的,时间,转,到,读书,上
低头,族
作者,想,表达,出,希望,多一些,“,高贵,的,低头,”,这样,才能,有,成绩,有,未来,。
不要,兴玩,手机,，,还要,多,看看,书籍
要,多一些,“,高贵,的,低头,”,。
大家,要,多一些,“,高贵,的,低头,”,要,多,读书,。
如果,想,有,辉煌,的,明天,，,就要,多一些,“,高贵,的,低头,”,。
多一些,“,高贵,的,低头,”
我,认为,作者,想要,告诉,我们,低头,不是,为,玩,手机,，,而是,多一些,看书,的,积累,，,多一些,“,高贵,的,低头,”,。
如果,减少,了,“,低头,族,”,而,多,了,“,高贵,的,低头,”,那么,一定,能,建功立业,，,一鸣惊人,的,。
人们,要,多一些,“,高贵,的,低头,”
如果,想,有,辉煌,的,明天,，,就,请,你,也,多一些,“,高贵,的,低头,”
读书,是,“,高贵,的,低头,”,，,玩,手机,不是,高贵,的,低头,。
多,看看书,，,多学点,知识,，,都,是,低头,为什么,会,有,这,多,差距,那,？
多一些,“,高贵,的,低头,”
如果,想,有,辉煌,的,明天,，,就,请,你,也,多一些,“,高贵,的,低头,”,呼吁,大家,多一些,高贵,的,抬头
作者,主要,想,表达,让,我们,多,读书,，,少玩,电子产品,，,让,我们,多,一, ,点,高贵,的,低头
我们,应该,多一些,高贵,的,低头,。
不要,总是,低头,玩,手机,，,多,看看书,，,多,掌握,一些,知识,，,对,我们,未来,的,生活,是,很,有,帮助,。
“,高贵,的,低头,”,多,了,，,将来,才能,抬起,“,高贵,的,头,”,，,建功立业,，,一鸣惊人,。
我们,要,争做,“,高贵,的,低头,族,”,。
作者,的,观点,是,高贵,的,低头,是,指,看书,，,而,不是,玩,手机,。
不要,老,低头,看,手机,，,应多,低头,获取,知识,，,这才,是,“,高贵,的,低头,”,。
读书,是,“,高贵,的,低头,”,。
少,一些,“,低头,族,”,，,多一些,“,高贵,的,低头,”
作者,想,让,那些,平常,玩,手机,的,人,，,抬头,学习,或,做事,，,而,不是,低下头去,玩,手机,。
如果,想,有,辉煌,的,明天,，,就,请,你,也,多一些,“,高贵,的,低头,”
如果,想,有,辉煌,的,明天,，,就,请,你,也,多一些,高贵,的,低头,。
人们,要,去,多,读书,。
低下头,多,看看书,，,比,低头,玩,手机,要,有,意义,的,多,。
如果,想,有,辉煌,的,明天,，,就,请,你,也,多一些,“,高贵,的,低头,”
如果,想,有,辉煌,的,明天,，,就,请,你,多一些,“,高贵,的,低头,”
作者,想,表达,她,所,看到,的,现象,会,引起,众多,“,低头,族,”,的,注意,思考,，,如果,有,辉煌,的,明天,，,就让,你,多一些,“,高贵,的,低头,”,。
多一些,低头,读书,的,人,，,少,一些,低头,玩,手机,的,人,。
如果,想,有,辉煌,的,明天,，,就,请,你,也,多一些,“,高贵,的,低头,”
",高贵,的,低头,“,是,为了,学习,知识,。,，,广博,见闻,，,提高素质,，,增强,本领,。
观点,是,我们,不要,做,低头,族,，,要,做,高贵,的,低头,族
人要,多,看书,，,少看,手机,。
如果,想,有,辉煌,的,明天,，,就,请,也,一些,“,高贵,的,低头,”
现在,的,“,低头,族,”,太多,了,，,不能,“,高贵,的,低头,”
我们,要,多一些,“,高贵,的,低头,”
有,的,人,只,知道,低头,玩,手机,，,有些,人,虽然,低头,而是,读书,。
要,做,“,高贵,的,低头,族,”,，,不,做,“,无得,的,低头,”,。
我们,要,多一些,“,高贵,的,低头,”
作者,想,这个,世界,多一些,对,国家,有用,的,人,，,少,一些,只会,看,手机,玩游戏,的,人,。
我们,应该,多,读书,，,多,“,高贵,的,低头,”
如果,想,有,辉煌,的,明天,，,那,就,多,读书,，,少玩,手机,。,现在,低头,玩,手机,的,人太多,了,。
如果,想,有,辉煌,的,明天,，,便,要,多,看,一些,书,，,多一些,“,高贵,的,低头,。,“
作者,主要,表达,了,不要,总是,低头,玩,手机,，,要,多些,翻阅,书籍,，,才,有,获得成功,的,资格,。
希望,我们,把,“,高贵,的,低头,”,用,在,书箱,、,文化,、,知识,上,，,才能,抬高,贵,的,头,一鸣惊人
多一些,“,高贵,的,低头,”
多一些,“,高贵,的,低头,”
如果,享有,辉煌,的,明天,，,就,请,你,也,多一些,“,高贵,的,低头,。,”
如果,想,有,辉煌,的,明天,，,就,请,你,也,多一些,“,高贵,的,低头,”
我们,应该,多一些,“,高贵,的,低头,”
多一些,“,高贵,的,低头,”,。
多一些,时间,看书,。
表达,了,作者,呼吁,人们,多一些,“,高贵,的,低头,”,对,我们,自身,才,有,好处,。
如果,想,有,辉煌,的,明天,，,就要,多,抬头,看书,做,一些,有,意义,的,事情,，,要,放下,手机,，,摆脱,“,低头,族,”
如果,想,有,辉煌,的,明天,，,就,请,你,也,多一些,“,高贵,的,低头,”,。
作者,主要,表达,不要,总是,低头,玩,手机,，,应该,多,看看书,，,这,才能,对,我们,的,人生,有益,。
如果,想,有,辉煌,的,明天,，,就,请,你,多一些,“,高贵,的,低头,”,。
我们,要,低头,干,一些,有,意义,的,事
不要,老是,玩,手机,，,低头,多,看看书,，,对,自己,有,好处,，,不要,老是,低头,玩,手机,。
不要,再,去,玩,手机,了,，,要,多,读书,，,做,“,高贵,的,低头,族,”,。
多读,书籍,，,做,“,高贵,的,低头,族,”,，,少玩,手机,不,做,“,低头,族,”,。
读书,的,好处,往往,比玩,手机,大,。
现在,很多,人,都,在,做,一个,“,低头,族,”,，,这些,“,低头,族,”,没有学问,，,他,希望,人们,做,一个,“,高贵,的,低头,族,”,。
多一些,“,高贵,的,低头,”
观点,，,让,把头,抬起,来,。
多一些,“,高贵,的,低头,”,。
人们,应,多一些,学习,，,广博,见闻,，,见识,广,，,而,不,应该,沉迷于,玩乐,之中
如果,想,有,辉煌,的,明天,，,就,请,你,也,多一些,“,高贵,的,低头,”
如果,想要,有,更好,的,未来,，,就,更,多一些,“,高贵,的,低头,”,而,不是,去,看,一些,没有,营养价值,的,东西,。
都,是,低头,有,的,看书,有,的,看,手机,看,电视剧,。
如果,想,有,辉煌,的,明天,，,就,请,做,一个,“,高贵,的,低头,族,”
多一些,“,高贵,的,低头,”
作者,表达,的,是,“,低头,族,”,很多,，,但是,“,高贵,的,低头,族,”,很少,。,学习,是,靠,读书,来,受到,知识,。
想,让,“,低头,族,”,少,一些,，,呼吁,大家,要,“,高贵,的,抬头,”,，,放下,手机,，,多,做,有,意义,的,事,。
人们,不要,低头,玩,手机,，,要,高贵,的,低头,读,一些,书,。
不要,对,手机,过于,喜爱,，,要,多,看书,多,学习,，,多一些,“,高贵,的,低头,”
少玩,手机,，,多,看书,，,多长,知识
我们,低头,要,有,“,高贵,的,低头,”,，,看,文学,书籍,，,长,知识,，,总是,低头,玩,手机,是,不会,成功,的,。
作者,的,观点,是,让,我们,多,读一读,书,，,增长点,知识,。
如果,想要,出人头地,，,就要,多,看书,充实,自己,，,不能,沉迷于,手机,，,多一些,“,高贵,的,低头,”,。
要,多点,“,高贵,的,低头,”,，,也,就是,读书,。,少点,不,那么,高贵,的,低头,。,也,就是,玩,手机,。
如果,想,拥有,辉煌,的,明天,，,就,请,你,多一些,“,高贵,的,低头,”
我们,应多,看,一些,有用,的,书籍,，,少看,一会儿,手机,。
要,多一些,“,高贵,的,低头,”
多一些,高贵,的,低头
作者,要,表达,如今,手机,使,人类,变成,了,“,低头,族,”
多一些,“,高贵,的,低头,”
表达,了,作者,希望,多,看到,一些,“,高贵,的,低头,”,而,不是,低头,玩,手机,。
希望,人们,不要,在,低头,玩,手机,而是,“,高贵,的,低头,”,去,看书,去,学习,。
如果,想,有,辉煌,的,明天,，,就要,多一些,“,高贵,的,低头,”,。
一个,有,想,有,出息,，,请,多一些,高贵,的,低头,。
呼吁,们,少,看,手机,多,看书,。
如果,一直,“,不,高贵,的,低头,”,那么,以后,就,一定,不会,抬起,高贵,的,头,，,说明,“,低头,族,”,玩游戏,的,人,往往,不会,有前,徐,。
提倡,“,高贵,的,低头,”,，,和,知识,的,重要性,。
如果,想,有,辉煌,的,明天,，,就,请,你,也,多一些,“,高贵,的,低头,”,。
表达,了,大人,和,学习,不要,老,低头,现,手机,和,看,电视剧,，,应该,要,低头,好好,的,看书,。
如果,想,有,辉煌,的,明天,，,就,请,你,也,多一些,高贵,的,低头,，,要,多,读书,，,不,做,低头,族
如果,想,有,辉煌,的,日天,，,就,请,你,也,多一些,“,高贵,的,低头,”,多读,一些,书,。
讽刺,了,现在,社会,上,的,“,低头,族,”,，,呼吁,人们,要,“,高贵,的,低头,”,。
多一些,“,高贵,的,低头,”
如果,想要,有,辉煌,的,明天,，,就,请,你,也,多一些,“,高贵,的,低头,。,”
人们,不,应该,把,时间,浪费,在,看,手机,或,其它,电子设备,上,，,应该,阅读,一些,好,的,书籍,。
要,“,高贵,的,低头,”,，,多,看书,。,少,“,低头,”,，,少玩,手机,，,只有,“,高贵,的,低头,”,才能,有,好,的,成就,。
多一些,“,高贵,的,低头,”
不要,再,低头,玩,手机,了,，,要,多,看书,，,多,看,一些,对,自身,有益,的,书本,材料,。
如果,想,有,辉煌,的,明天,，,就,请,你,也,多一些,“,高贵,的,低头,”
多一些,读书,的,时间,，,少,一些,游戏,的,时间
人们,应该,多,读书,，,多一些,“,高贵,的,低头,”,。
我们,要,学会,“,高贵,的,低头,”,，,少,一些,玩,手机,的,次数,。
高贵,的,低头
要,做,“,高贵,的,低头,”,的,人,。
作者,想,让,更,多,的,人来,读书,，,不要,沉浸,在,手机,里,。
多一些,高贵,的,低头,。
文中,的,作者,主要,表达,了,我们,应该,少,低头,看,手机,，,多一些,“,高贵,的,低头,”,去,读书,。
如果,想,有,辉煌,的,明天,，,就,请,你,也,多一些,“,高贵,的,低头,。
如果,想,又,一个,辉煌,的,明天,，,就,多,做些,高贵,的,低头,。
如果,想要,有,辉煌,的,明天,，,就,请,你,也,多一些,“,高贵,的,低头,”
要,学习,知识,、,广博,见闻,、,提高素质,，,增强,本领,。
不要,总是,低着头,去,看,手机
我们,应,学习,知识,增高,本领,而,读书,低头,，,而,不,应为,一些,无聊,，,无用,的,手机,而,低头,。
读书,者,是,高贵,的,，,所以,要,多,读书,。
我们,不要,总,低头,玩,手机,，,可以,低头,看书,，,我们,要,多一些,高贵,的,低头,。
表达,作者,的,宽大,和,作者,的,思考,和,注意,。
观点,是,想,让,我们,不要,当,低头,族,要,当,高贵,的,低头,族
作者,希望,人们,少,看些,手机,，,多,看书,，,这样,才能,积累,自己,的,知识,，,将来,有所作为,。
如果,想要,有,辉煌,的,明天,，,就,请,你,也,多,做,一些,“,高贵,的,低头,”,。
我们,应该,多,读书,，,多一些,高贵,的,低头
低头,族,主要,分为,普通,低头,族,和,高贵,的,低头,族,。
多一点,高贵,的,低头
如果,想,有,辉煌,的,明天,，,就,请,你,也,多一些,“,高贵,的,低头,”
如果,想,有,辉煌,的,明天,，,就,请,你,也,多一些,“,高贵,的,低头,”
多,做,一些,有,意义,的,低头,才能,使,明天,辉煌
“,高贵,的,低头,”,是,为了,学习,知识,，,广博,见闻,，,提高素质,，,增强,本领,。
希望,“,高贵,低头,”,的,越,多,，,也,就是,希,低头,不要,不学无术,。
作者,想,@,多,看,一些,书籍,，,少,对,手机,念念不忘,。
让,我们,少,看些,手机,，,多,看些,书,，,成为,高贵,的,低头,。
“,高贵,的,低头,”,的,人,可成,大业,。
如果,想,有,辉煌,的,明天,，,就,请,你,也,多一些,“,高贵,的,低头,。,”
为什么,老有,很多,人,都,低头,玩,手机,，,而,不, ,看书,。
要,多一些,“,高贵,的,低头,”,。
多一些,“,高贵,的,低头,”
让,我们,不要,老是,低头,玩,手机,，,要,多,读读书,那样,能,提,我们,知识,也,不会,伤,我,的,健康
多一些,“,高贵,的,低头,”,，,少,一些,“,低头,”,。
多一些,“,高贵,的,低头,”,，,少,一些,不是,“,高贵,的,低头,”,的,低头,。
如果,想,有,辉煌,的,明天,，,请,你,也,多一些,“,高贵,的,低头,”,。
少,一些,低头,族,，,多一些,“,高贵,的,低头,族,。,”
少玩,手机,，,多,看书
如果,有,想,有,辉煌,的,明天,，,就,请,你,也,多一些,高贵,的,低头,。
我们,应该,多一些,“,高贵,的,低头,”
本,主,作者,主要,表达,了,读书,是,“,高贵,的,低头,”
表达,了,作者,想,让,人们,多,看书,少玩,手机,，,应该,“,高贵,的,低头,”
如果,想,有,辉煌,的,明天,，,就,请,也,多一些,“,高贵,的,低头
希望,大家,多一点,“,高贵,的,低头,”,，,少,一点,“,低头,族,”,。
如果,想,有,辉煌,的,明天,，,就,请,你,也,多一些,“,高贵,的,低头,”,。
读书,如果,是,“,高贵,的,低头,”,，,那么,，,万寿,o,既,就是,不,那么,高贵,的,低头
提醒,现在,的,人们,不要,只,低头,沉迷于,手机,，,要,多一些,“,高贵,的,低头,”
要,多,看,对,自己,有,好处,的,书,要,少,玩,手机
我们,要,“,高贵,的,低头,”,。
多一些,“,高贵,的,低头,”
多一些,“,高贵,的,低头,”,，,不要,总是,一味,的,玩,手机,。
低头,族,的,现象,形,普遍,，,我们,要,做,“,高贵,的,低头,族,”,，,努力,减少,低头,族,玩,手机,。
多一些,“,高贵,的,低头,”
我们,要,多,读书,，,读,好书,，,而,不要,只,玩游戏,玩,手机,。
如果,想,有,辉煌,的,明天,，,就,请,你,也,多一些,“,高贵,的,低头,”,。
不要,老低,看,手机,，,要,抬起,头多,看看,别的,东西,。
如果,想,有,辉煌,的,明天,，,就,请,你,也,多一些,“,高贵,的,低头,”
多,读书,，,只有,多,读书,才能,有,成就
作者,主要,想,表达,现在,的,年青人,，,大多数,都,在,低头,玩,手机,，,而,只有,少数,人,在,低头,看书,。
如果,想要,有,辉煌,的,明天,，,请,你,也,多一些,“,高贵,的,低头,”,。
如果,想,有,辉煌,的,明天,，,就,多一些,“,高贵,的,低头,”,，,要,经常,低头,看书,积累,知识,，,不能,经常,低头,看,手机,。
多,做,有益,的,事,，,不要,消磨,时间,。
读书,是,“,高贵,的,低头,”,玩,手机,是,不,那么,高贵,的,低头,。
多一些,“,高贵,的,低头,”
我们,因为,总是,玩,手机,，,就,不会,前进, ,读书,使人,进步
应该,多一点,为了,学习,“,高贵,的,低头,”,，,少,一点,“,低头,族,”
少,了,这,“,高贵,的,低头,”,，,腹中,空空,，,不学无术,，,将来,注定,是,没有,希望,的
多一些,“,高贵,的,低头,”
不要,做,“,低头,族,”,，,少玩,手机,。
多一些,“,高贵,的,低头,”,。
高贵,的,低头,是,为,知识,低头,的,是,在,游戏,世界,之中
低头,玩,手机,的,太,多,了,，,让,我们,少玩,手机,多,看书,。
如果,想,有,辉煌,的,明天,，,就,请,你,也,多一些,“,高贵,的,低头,”,。
要,多一些,“,高贵,的,低头,”,而,不是,所谓,的,“,低头,族,”
人们,要,多一点,“,高贵,的,低头,”,，,这样,才,会,有,辉煌,的,明天,。
文章,表述,了,“,人,应该,多,读书,，,少玩,手机,”,的,观点,。
“,低头,族,”,和,“,高贵,的,低头,族,”,是,有,很大,不同,的,。
想要,有,辉煌,的,明天,，,需要,我们,多一些,“,高贵,的,低头,”,。
本文,@,示了,多,读书,的,观点
多一些,“,高贵,的,低头,”
我们,要,多,读书,，,多一些,“,高贵,的,低头,”,。
如果,想,有,辉煌,的,明天,，,就,请,你,多,看,一些,书,。
多一些,“,高贵,的,低头,”,少,一些,低头,族,。
少,一些,低头,族,，,多一些,高贵,的,低头,。
多一些,“,高贵,的,低头,”
高贵,的,低头,是,为了,学习,知识,，,广博,见闻,，,提高素质,，,增长,本领,。
要,做,一个,“,高贵,的,低头,”,的,人,，,不要,去,做,“,低头,族,”
平常,人们,总是,低头,玩,手机,，,却,不,低头,好好看,一,本书,，,只会,有,一些,危害,，,并,不会,有能,受易,多,。
如果,想,有,辉煌,的,明天,，,就,请,你,也,多一些,高贵,的,低头
“,高贵,的,低头,”,成就,辉煌,的,明天
多一些,高贵,的,低头
少,低头,玩,手机,，,多,低头,读书,。
我们,应该,多一些,读书,的,低头,，,少,一些,玩,手机,的,低头,。
如果,想,有,辉煌,的,明天,，,就,请,你,也,多一些,“,高贵,的,低头,”,。
这个,社会,有太多,的,“,低头,族,”,，,如果,想,有,辉煌,的,明天,，,就,一定,要,有,“,高贵,的,低头,”
如果,享有,辉煌,的,明天,，,就,请,你,也,多一些,“,高贵,的,低头,”,。
拒绝,低头,族,，,多,看书,。
多一些,“,高贵,的,低头,”,。
在,低头,族,@,，,多一些,“,高贵,的,低头,”
作者,希望,更,多,的,人,可以,放下,手中,的,电子产品,，,多,读书,。
如果,想,有,辉煌,的,明天,，,就,请,你,也,多一些,“,高贵,的,低头,”,。
请,多一些,“,高贵,的,低头,”
要,多一些,“,高贵,的,低头,”,就是,要,多,读书
如果,想,有,辉煌,的,明天,，,就,请,你,也,多一些,“,高贵,的,低头,”,。
想,有,辉煌,的,明天,，,就,多一些,“,高贵,的,低头,”,。
我,认为,作者,想要,表达,把,低头,玩,手机,的,人,变为,高贵,的,低头
多一些,“,高贵,的,低头,”,。
看,手机,的,“,低头,族,”,，,和,认真,看书,的,高贵,的,“,低头,族,。
请,多一些,“,高贵,的,低头,”,，,收获,一些,辉煌,的,明天,。
作者,主要,表达,了,多一些,为了,正事,低头,的,时候,，,才能,有,美好,的,明天,。
作者,认为,，,如果,想,有,更,辉煌,的,明天,，,就要,多,读书,。
要,做,一个,有,学问,有,知识,的,“,高贵,的,低头,”,族
我们,应该,多一些,为了,学习,知识,的,低头,，,而,不是,低头,玩,手机,。
多些,“,高贵,的,低头,”,。
本文,表达,了,少,一些,不,高贵,的,低头,，,多一些,高贵,的,低头,。
如果,想,有,辉煌,的,明天,，,就,请,你,也,多一些,“,高贵,的,低头,”,，,多,读些,书,。
太多人,低头,玩,手机,了, ,要,多,看书,看书,是,高贵,的,低头
不要,做,“,不,高贵,的,低头,族,”,，,多一些,“,高贵,的,低头,”
要,想,抬起,“,高贵,的,头,”,，,只要,高贵,的,低头
作者,表达,了,“,低头,族,”,与,“,高贵,的,低头,”,他们,的,未来,不,一样,想,让,社会,多一些,“,高贵,的,低头,”,。
如果,想,有,辉煌,的,明天,，,就,请,你,也,多一些,高贵,的,低头
我,认为,作者,主要,表达,了,“,低头,族,”,和,“,高贵,的,低头,”,之间,的,分别,。
多一些,“,高贵,的,低头,”
“,高贵,的,低头,”,，,是,为了,学习,知识,，,广博,见闻,，,提高素质,，,增强,本领
多一些,“,高贵,的,低头,”
作者,想,让,人们,多一些,“,高贵,的,低头,”,，,为了,学习,知识,，,广博,见闻,，,提高素质,，,增强,本领,。
为了,让,我们,少,玩玩,游戏,，,多,看点,书,。
让,我,不,做,“,低头,族,”,，,如果,做,的话,就要,做,高贵,的,低头,。
多一些,“,高贵,的,低头,”
如果,想,有,辉煌,的,明天,，,就,请,你,多一些,“,高贵,的,低头,”,。
多一些,高贵,的,低头
我们,要,多一些,“,高贵,的,低头,”
如果,想,有,辉煌,的,明天,，,就,请,多一些,“,高贵,的,低头,”,。
少,一些,“,不,那么,高贵,的,低头,”,，,多一些,“,高贵,的,低头,”,，,你,就,会,有,辉煌,的,明天
要,多,去,读书,：,少玩,手机
多一些,“,高贵,的,低头,”,就是,你,一些,你,低头,读书,。
少,一些,“,低头,族,”,多一些,“,高贵,的,低头,”,，,想,有,辉煌,的,明天,，,就,请,多一些,“,高贵,的,低头,”
当今社会,缺少,读书
多一些,高贵,的,低头,，,抬得,起,“,高贵,的,头,”
如果,想,有,辉煌,的,明天,，,就,多读,一些,书,，,少玩,手机,。
如果,想,有,辉煌,的,明天,，,就,请,你,也,多一些,“,高贵,的,低头,”,。
观点,是,放下,手机,，,要,多,读书,，,来,增加,自己,的,知识,。
要,学会,“,高贵,的,低头,”,。
多,读书
现在,低头,玩,手机,的,人,多,了,，,读书,的,人少,了,，,希望,大家,多,读书,。
到底,是,人,的,位置,影响,了,行为,呢,，,还是,人,的,行为,影响,了,位置,呢,？
少,一些,“,不,高贵,的,低头,族,”,，,多一些,“,高贵,的,低头,族,”
我们,要,多一些,“,高贵,的,低头,”,。
多一些,高贵,的,低头
如果,想,有,辉煌,的,明天,，,就,请,你,也,多一些,“,高贵,的,低头,”
作者,主要,表达,了,我们,应该,多,看书,，,少看,手机
要,做,“,高贵,的,低头,”
让,现在,的,人,多,阅读,书籍
如果,想,有,辉煌,的,明天,，,就,请,多,读些,书
想,让,低头,玩,手机,的,少,一点,，,多一些,低头,看书,的
使,人们,多一些,“,高贵,的,低头,”
呼吁,人们,不要,老看,手机,，,要,“,高贵,的,低头,”
要,多,读书,，,不能,沉浸,在,游戏,，,手机,中
本文,要,把,低头,学习,与,低头,玩,手机,的,两种,行为,进行,对比,，,且,提出,“,高贵,的,低头,”,的,生活,重要性
我们,要,多一些,“,高贵,的,低头,”
要,有,辉煌,的,明天,，,应该,多一些,“,高贵,的,低头,”,。
到底,是,人,的,位置,影响,了,行为,呢,？,还是,人,的,行为,影响,了,位置,呢,？
多一些,“,高贵,的,低头,”,，,成就,辉煌,的,明天
少,一些,低头,玩,手机,，,多一些,为了,学习,知识,，,广博,见闻,，,提高素质,，,增强,本领,的,低头
作者,主要,想,表达,的,观点,是,我们,应该,“,高贵,的,低头,”,，,多,读书,，,少看,手机
如果,想,有,辉煌,的,明天,，,就,请,你,也,多一些,“,高贵,的,低头,”
如果,想,有,辉煌,的,明天,，,就,请,你,多,低下,高贵,的,头
如果,想,有,辉煌,的,明天,，,要,多,读书,，,少玩,手机,，,一些,“,高贵,的,低头,”,。
如果,想,有,辉煌,的,明天,，,就,请,你,也,多一些,“,高贵,的,低头,”,。
多一些,“,高贵,的,低头,”
多,把,时间,运用,在,学习,上,，,多一些,“,高贵,的,低头,”,看,一些,有用,的
多一些,“,高贵,的,低头,”
多一些,“,高贵,的,低头,”
为了,辉煌,的,明天,要,多,低头,看书
如果,想,有,未来,的,美好,，,就,需要,多,读书,，,不要,沉迷于,游戏,世界,，,手机,之中
让,人们,多一些,“,高贵,的,低头,”
如果,想,有,辉煌,的,明天,，,请,多一些,“,高贵,的,低头,”,。
多一些,“,高贵,的,抬头,”
如果,想,有,辉煌,的,明天,，,就,请,你,也,多一些,“,高贵,的,低头,”
在,该,“,低头,”,的,年龄,作,一个,“,高贵,的,低头,族,”
只有,多,读书,，,才能,广博,见闻,，,提高素质,，,增强,本领
我们,不能,总是,低头,玩,手机,，,而是,多,低头,看书,或,学习
如果,想,有,辉煌,的,明天,，,就,请,你,也,多一些,“,高贵,的,低头,”
视力,、,沟通,能力,、,有,可能,驼背
做,“,高贵,的,低头,族,”,，,有,文化,有,涵养
如果,想,有,辉煌,的,明天,，,就,请,你,也,多一些,“,高贵,的,低头,”
希望,人们,多一些,“,高贵,的,低头,”
想,有,辉煌,的,明天,，,就,也,要,多一些,“,高贵,的,低头,”
如果,想,有,辉煌,的,明天,，,就,请,人们,多一些,低头,看书,而,不是,低头,看,手机
多,学习,，,多,看书,比,低头,玩,手机,要,好
多,读书,，,读,好书,。
人们,应,多一些,“,高贵,的,低头,”
高贵,的,低头,多,了,，,将来,才能,抬起,高贵,的,头,，,建功立业,一鸣惊人
少,一些,“,低头,族,”,，,多一些,“,高贵,的,低头,”
如果,想,有,辉煌,的,明天,，,就,请,多,低头,读书
想,有,辉煌,的,明天,，,就要,多,读书,，,学习,知识,，,增强,本领
如果,想,有,辉煌,的,明天,，,就要,多,读书
不能,天天,看,手机,，,要,多,看书,。,多一些,“,高贵,的,低头,”
如果,想,有,辉煌,的,明天,，,就,请,你,也,多一些,“,高贵,的,低头,”
如果,想,有,辉煌,的,明天,，,那,就,多一些,读书,这样,高雅,行为,的,低头
人要,多一些,“,高贵,的,低头,”,这样,才能,建功立业,，,一鸣惊人
多一些,高贵,的,低头
如果,想,有,辉煌,的,明天,，,我们,就要,多些,“,高贵,的,低头,”
如果,想,有,辉煌,的,明天,，,就,请,你,也,多一些,高贵,的,低头
如果,想,有,辉煌,的,明天,，,就,请,你,也,多一些,“,高贵,的,低头,”
如果,你,想,有,辉煌,的,明天,，,就,请,你,也,多一些,”,高贵,的,低头,“
如果,想,有,辉煌,的,明天,，,就,请,你,也,多一些,”,高贵,的,低头,“
我们,要,多,读书,，,少玩,手机
我们,应该,多些,“,高贵,的,低头,”
如果说,读书,是,“,高贵,的,低头,”,那么,，,玩,手机,就是,不,那么,高贵,的,低头
多一些,”,高贵,的,低头,“
表达,了,我们,应该,多,读书,，,多一些,”,高贵,的,低头,“,，,少玩,一些,手机,的,观念
主要,表达,在,许多,人,沉迷于,玩,手机,，,而且,很少,读书,，,作者,认为,这种,行为,非常,不好
如果,想,有,辉煌,的,明天,，,就,请,你,也,多一些,“,高贵,的,低头,”
如果,想,有,辉煌,的,明天,，,就,请,你,多一些,高贵,的,低头
本文,主要,表达,的,观点,是,成为,i,“,高贵,的,低头,族,”,，,让,我们,多读,每,一,本书,，,让,这些,书本,成为,我们,所,拥有,的,知识
多一些,“,高贵,的,低头,”
要,多,读书,，,不能,沉迷在,手机,当中
如果,想,有,辉煌,的,明天,，,就,请,你,也,多一些,“,高贵,的,低头,族,”,。
我们,应当,多,学习,知识,，,广博,见闻,，,多,读书,，,少玩,手机
如果,想,有,辉煌,的,明天,，,就,请,您,也,多一些,“,高贵,的,低头,”
少,一些,低头,玩,手机,的,人,多一些,低头,看书,的,人
如果,想,有,辉煌,的,明天,，,就,请,你,也,多一些,“,高贵,的,低头,”
如果,想,有,辉煌,的,明天,，,就,请,你,多一些,“,高贵,的,低头,”
如果,想,有,辉煌,的,明天,，,就,请,你,也,多一些,”,高贵,的,低头,“
多一些,“,高贵,的,低头,”,多一些,读书,的,人
作者,表达,的,自己,的,高贵,和,不,高贵,低头,的,理解,和,看法
如果,想,有,辉煌,的,明天,，,就,请,你,多一些,“,高贵,的,低头,”
多一些,“,高贵,的,低头,”
多一些,“,高贵,的,低头,”
如果,想,有,辉煌,的,明天,，,就,请,你,也,多一些,“,高贵,的,低头,”
让,人们,不要,做,“,低头,族,”
作者,主要,表达,的,观点,是,，,如果,我们,想,拥有,辉煌,的,明天,，,请,把,手中,的,手机,换成,书籍,。
如果,想,有,辉煌,的,明天,，,就要,多一些,“,高贵,的,低头,”,，,来,学习,知识,，,广博,见闻,，,增强,本领
我,认为,作者,表达,的,观点,是,少,玩,手机,要,多一些,“,高贵,的,低头,”
这个,世界,上,需要,更,多一些,的,“,高贵,的,低头,”
作者,表达,了,希望,现代人,多一些,“,高贵,的,低头,”,的,观点
少看,一些,手机,，,多,看,一会儿,书
要,多一点,“,高贵,的,低头,”
多一些,高贵,的,低头
只有,少玩,手机,，,多读,一些,有益,的,书籍,，,才,会,有,辉煌,的,明天,。
多一些,“,高贵,的,低头,”
如果,想要,有,辉煌,的,明天,，,就,请,你,也,多一些,“,高贵,的,低头,”
人们,应,多一些,“,高贵,的,低头,”
人们,要,多一些,“,高贵,的,低头,”
如果,想,有,辉煌,的,明天,，,就,请,你,也,多一些,“,高贵,的,低头,”
多一些,“,高贵,的,低头,”
我们,要,高贵,的,低头,，,不要,低头,族
如果,想,有,辉煌,的,明天,，,就要,做,“,富贵,的,低头,族,”
如果,想,有,辉煌,的,明天,，,就,请,你,多一些,”,高贵,的,低头,“
“,高贵,的,低头,”,可以,提高,素养,，,增强,本领,，,多一些,“,高贵,的,低头,”,，,才,会,有,辉煌,的,明天,。
少看,手机,多,读书,，,少,玩游戏,多,阅读,。
多一些,“,高贵,的,低头,”
如果,想要,有,辉煌,的,明天,，,就,请,你,也,多一些,”,高贵,的,低头,”
玩,手机,不是,高贵,的,低头,。,“,高贵,的,低头,是,为了,学习,知识,、,广博,见闻,，,提高素质,，,增强,本领,。
为了,可以,建功,有,辉煌,的,明天,，,一鸣惊人,，,就,多,读书,，,多,学习,知识,。
人们,的,低头,是,为了,学习,知识,，,广博,见闻,，,提高素质,，,增强,本领,。
多一些,“,高贵,的,低头,”
多一些,“,高贵,的,低头,”
要,我们,多读,有用,的,书,，,将来,才能,建功立业,报孝,国家,父母
多一些,“,高贵,的,低头,”,，,少,一些,“,没有,意义,的,低头,”
不要,低头,总是,玩,手机,，,低头,是,为了,学习,知识
“,高贵,的,低头,”,多,了,将来,才能,抬起,“,高贵,的,头,”
作者,表达,了,希望,人们,多一些,“,高贵,的,低头,”,的,观点,，,阐明,作者,认为,只有,多,低头,看,有用,的,书,才能,出,好,成绩,的,观点,。
要,多一些,“,高贵,的,低头,”
我们,要,多,读书,，,广博,见闻,，,提高素质,、,增强,本领,，,才能,有,辉煌,的,明天,。
多一些,“,高贵,的,低头,”
多一些,“,高贵,的,低头,”
“,高贵,的,低头,”,的,人,在,以后,的,生活,中,，,往往,是,人,上,人,，,而,那样,“,不怎么,搞鬼,的,低头,”,，,往往,没有,成就,。
如果,想,有,辉煌,的,明天,，,就,请,你,也,多一些,“,高贵,的,低头,”
多一些,“,高贵,的,低头,”
多一些,“,高贵,的,低头,”
玩,手机,不是,高贵,的,低头
低头,，,也,要,高贵,的,低头,，,学习,一些,对,我们,有用,的,东西
读书,是,“,高贵,的,低头,”,，,要,做,“,高贵,的,低头,”
“,低头,族,”,的,坏处,，,“,高贵,的,低头,族,”,的,好处
如果,想,有,辉煌,的,明天,，,那么,现在,就,应该,好好,努力
人,应当,多,读书,而,不要,过多地,玩,手机,。
想,让,人们,多一些,“,不,高贵,的,低头,”,，,多一些,“,高贵,的,低头,”
“,高贵,的,低头,”,和,“,低头,族,”
现在,人们,要,多一些,高贵,的,低头,，,以后,才能,有所作为,。
多一些,认真,低头,读书,的,人,，,如果,想,有,辉煌,的,明天,，,就,请,你,也,多一些,“,高贵,的,低头,”
多一些,“,高贵,的,低头,”
多一些,“,高贵,的,低头,”
如果,想,有,辉煌,的,明天,，,就,请,你,也,多一些,“,高贵,的,低头,。,“
要少,一些,平凡,的,“,低头,”,多一些,“,高贵,的,低头,”
如果,想,有,辉煌,的,明天,，,就,请,你,也,多一些,“,高贵,的,低头,”
如果,想,有,辉煌,的,明天,，,就,请,你,也,多一些,“,高贵,的,低头,”,。
主要,表达,了,要,想,有,辉煌,的,明天,，,就要,多一些,“,高贵,的,低头,”
要,多一些,“,高贵,的,低头,”
如果,想,有,辉煌,的,明天,，,就,请,你,也,多一些,“,高贵,的,低头,”
“,低头,族,”,在,任何,时候,都,低头,，,成,了,社会,的,一种,不良现象
我们,要,多一些,“,高贵,的,低头,”
现在,社会,有太多,的,人,在,低头,玩,手机,，,没有,太,多人多,书,。
多一些,“,高贵,的,低头,”
如果,想,有,辉煌,的,明天,，,就,请,你,也,多一些,“,高贵,的,低头,”
多一些,“,高贵,的,低头,”
表达,了,现在,的,学生,一,有空,就,与,手机,叫,起劲,，,闲工夫,不,读书,。
如果,想,有,辉煌,的,明天,，,就,请,你,也,多一些,“,高贵,的,低头,”
如果,想,有,辉煌,的,明天,，,就,请,你,多一些,“,高贵,的,低头,”
读书,对,人,很,重要,，,我们,要,做,“,高贵,的,低头,族,”
只有,多一些,“,高贵,的,低头,”,才能,有,辉煌,的,明天
高贵,的,低头,成就,辉煌,的,明天,。
低头,玩,手机,是,一种,不,正确,的,“,低头,”,，,是,不,高贵,的,低头,。
社会,中有,太多,的,“,低头,族,”,“,高贵,的,低头,”,才能,建功立业,，,一鸣惊人,，,反之,则,腹中,空空,。
要,多一些,“,高贵,的,低头,”
不要,总,低头,玩,手机,，,多些,高贵,的,低头
成为,无用,的,低头,族,，,还,不如,成为,高贵,的,低头,族
让,人们,少,做,“,低头,族,”,；,“,低头,族,”,会,毁掉,人,的,一生
我们,应该,多一些,“,高贵,的,低头,”
如果,想,有,辉煌,的,明天,，,就,需要,多一些,“,高贵,的,低头,”
如果,想,有,辉煌,的,明天,，,就,请,多一些,“,高贵,的,低头,”
如果,想,有,辉煌,的,明天,，,就,请,你,也,多一些,高贵,的,低头
要,“,高贵,的,低头,”,。
我们,不要,老玩,手机,，,多,看,一,看书,。
多一些,“,高贵,的,低头,”
管,：,低下头来,读书,时,“,高贵,的,低头,”,，,低下头,玩,手机,不是,“,高贵,的,低头,”
多一些,“,高贵,的,低头,”,—,看书,。
如果,想,有,辉煌,的,明天,，,就,请,你,也,多一些,“,高贵,的,低头,”,。
多一些,“,高贵,的,低头,族,”
让,我们,生活,中,多一些,“,高贵,的,低头,”,，,才,会,有所,成就,。
多一些,“,高贵,的,低头,”
成功,需要,阅读,而,不是,低头,玩,手机,。
“,高贵,的,低头,”,。
如果,想,有,辉煌,的,明天,，,就,请,你,也,多一些,“,高贵,的,低头,”
如果,想,有,辉煌,的,明天,，,就,请,多一些,“,高贵,的,低头,”
我们,应该,多一些,“,高贵,的,低头,”
多一些,“,高贵,的,低头,”
多,做些,“,高贵,的,低头,”
读书,才能,有,辉煌,的,明天,。
作者,的,观点,：,想,告诉,“,低头,族,”,如果,想,有,辉煌,的,明天,就,请,多一些,“,高贵,的,低头,”
如果,想,有,辉煌,的,明天,，,就,请,你,也,多一些,“,高贵,的,低头,”
主要,想,表达,多一些,“,高贵,的,低头,”
多一些,“,高贵,的,低头,”
如果说,读书,是,“,高贵,的,低头,”,那么,玩,手机,就是,不,那么,高贵,的,低头
表现,多读,不要,不学无术,，,不要,老玩,手机,，,只有,读书,，,学习,才能,有,前途
多一些,“,高贵,的,低头,”
读书,是,高贵,的,低头
要,表达,的,观点,是,我们,因该,多,低头,读书,而,不是,低头,玩,手机
如果,想,有,辉煌,的,明天,，,就,请,你,也,多一些,“,高贵,的,低头,”,少,一些,低头,族
多一些,高贵,的,低头,，,才能,有,辉煌,的,明天,。
多一些,“,高贵,的,低头,”
想,让,”,高贵,的,低头,“,的,人,多一些
低头,也,分,“,高贵,”,与,“,低贱,”,。
想,有,辉煌,的,明天,，,就,请,你,也,多一些,”,高贵,的,低头,”
如果,想,有,辉煌,的,明天,，,就,请,你,也,多一些,“,高贵,的,低头,”
人要,多,读书,，,才,会,有,成就
随着,科技,的,发展,书,渐渐,被,人们,所,遗忘,。,作者,想,表达,多,读书,的,观点
如果,想,有,辉煌,的,明天,，,就,请,你,也,多一些,“,高贵,的,低头,”,。
多一些,“,高贵,的,低头,”,。
我们,要,多,读书,增长,知识,，,“,高贵,的,低头,”
我们,要,多,读书,，,少,低头,玩,手机,，,看,电视剧,。
多一些,“,高贵,的,低头,”,才,会,有,辉煌,的,明天
如果,想,有,辉煌,的,明天,，,就,请,你,多一些,“,高贵,的,低头,”
人要,多一些,”,高贵,的,低头,“
人妖,多,读书,才,有,收获
多一些,读书,这样,的,低头,。
作者,表达,希望,人们,能,不要,老看,手机,，,能,多,读书,多有,“,高贵,的,低头,”,的,观点,。
低头,可以,请,看,一些,高贵,文雅,的,书籍,，,不要,只,低头,玩,手机
如果,想,有,辉煌,的,明天,，,就,请,你,多一些,“,高贵,的,低头,”
如果,想,有,辉煌,的,明天,，,就,请,你,多一些,“,高贵,的,低书,”
低头,诗人,冷淡,，,不要,低头
如果,想,有,辉煌,的,明天,，,就,请,你,也,多一些,“,高贵,的,低头,”
多一些,“,高贵,的,低头,”
如果,想,有,辉煌,的,明天,，,就,请,你,也,多一些,“,高贵,的,低头,”,。
做,“,高贵,”,的,的,低头,族,，,多,低头,读书,，,增强,自己,，,不,做,低头,族,，,荒费,光阴,，
高贵,的,低头,是,为了,学习,知识,，,广博,见闻,提高素质,，,增强,本领
想,有,辉煌,的,明天,，,就要,多一些,高贵,的,低头
如果,想,有,辉煌,的,明天,，,就,请,你,“,高贵,的,低书,”
如果,想,有,辉煌,的,明天,，,就,请,你,也,多一些,“,高贵,的,低头,”,。
读是,“,高贵,的,低头,”,，,玩,书机,则,不是,。
如果,想,有,辉煌,的,明天,，,就,请,你,也,多一些,“,高贵,的,低头,”,。
如果,想,有,辉煌,的,明天,，,就,请,你,也,多一些,“,高贵,的,低头,”,。
如果,想,有,辉煌,的,明天,，,就,请,你,也,多一些,“,高贵,的,低头,”
请,多一些,“,高贵,的,低头,”
多一些,高贵,的,低头
多一些,“,高贵,的,低头,”
让,读书,低头,的,人,多一点
辉煌,的,明天,来源于,多,读书
只有,多,读书,，,才能,在,明天,成就,辉煌
少,了,这,”,高贵,的,低头,“,不学无术,，,未来,是,注定,没有,希望
作者,想,表达,的,是,，,在,社会,上,多一些,高贵,的,低头,，,不要,只,一味,玩,手机,，,玩,手机,对,学习,无用
人们,要,多一些,“,高贵,的,低头,”,。,“,高贵,的,低头,”,多,了,，,将来,才能,抬起,“,高贵,的,头,”,建功立业,，,一鸣惊人,。
如果,想,有,辉煌,的,明天,，,就,请,你,多一些,“,高贵,的,低头,”
多一些,低头,读书,的,人,。
读书,是,高贵,的,低头
高贵,的,低头,能,给,今后,带来,好处
要,表达,读书,和,玩,手机,的,区别
少,一些,”,低头,族,“,多,做,”,高贵,的,低头,“
要,做,“,高贵,的,低头,”,的,人
读书,是,高贵,的,低头,没,玩游戏,看电视,不起,高贵,的,低头
多一些,“,高贵,的,低头,”
如果,想,有,辉煌,的,明天,就,请,多,读点,书
多一些,”,高贵,的,低头,“
希望,人们,多一些,“,高贵,的,低头,”
多一些,“,高贵,的,低头,”,（,多,看书,）,，,少玩,一些,手机,。
“,高贵,的,低头,”,成就,辉煌,的,明天,。
“,高贵,的,低头,族,”,与,普通,的,低头,的,生活,好,许多,，,拒绝,普通,的,低头,族,。
如果,想,有,辉煌,的,明天,，,就,请,你,也,多一些,“,高贵,的,低头,”,，,告诉,人们,要,多,读书,，,丰富,自己,。
多一些,“,高贵,的,低头,”,（,多,看书,）,，,少玩,一些,手机,。
要,多,读书,不要,经常,玩,手机
对,低头,族,的,看法,和,分类,。
我们,应该,多,读书,，,少看,手机,。
要,多,读书,，,少玩,手机,。
不要,做,“,低头,族,”,，,要,高贵,的,低头,。
多一些,“,高贵,的,低头,”
想要,有,辉煌,的,明天,，,就要,多一些,高贵,的,低头
多一些,“,高贵,的,低头,”
如果,想,有,辉煌,的,明天,，,就,请,多一些,“,高贵,的,低头,”,。
如果,想,有,辉煌,的,明天,，,就,请,你,也,多一些,“,高贵,的,低头,”
如果,想要,有,辉煌,的,明天,，,就,必须,要,多,读书,、,多,学习,。
不要,老玩,收集,，,要,利用,玩,手机,的,时间,，,来,多,看看书,，,增长,知识,。
闲暇,时,，,多,读书,，,多一些,“,高贵,的,低头,”,。
希望,人们,多一些,“,高贵,的,低头,”,。
如果,有,辉煌,的,明天,，,请,你,也,多一些,“,高贵,的,低头,”
要,多一些,“,高贵,的,低头,”,。
如果,想,有,辉煌,的,明天,，,就,请,你,也,多一些,“,高贵,的,低头,”,。
多一些,“,高贵,的,低头,”
辉煌,的,未来,是,靠,低头,看书,决定,的
如果,有,辉煌,的,明天,，,请,你,也,多一些,“,高贵,的,低头,”
“,低头,族,”,已经,成为,社会,普遍,行为
多一些,“,高贵,的,低头,”
如果,有,辉煌,的,明天,，,请,你,也,多一些,“,高贵,的,低头,”
想,让,我们,多,看书,，,不要,沉迷于,手机
如果,有,辉煌,的,明天,，,请,你,也,多一些,“,高贵,的,低头,”
但愿,她,看到,的,现象,也,会,引起,众多,“,低头,族,”,的,注意,和,思考,，,如果,想,辉煌,的,明天,，,就,多一些,“,富贵,的,低头,”
低头,族,和,高贵,的,低头
多一些,“,高贵,的,低头,”
如果,想,有,辉煌,的,明天,就,请,多些,高贵,的,低头,。
多一些,”,高贵,的,低头,“
我们,应该,多一些,“,高贵,的,低头,”,。
高贵,的,低头,是,为了,学习,知识,广博,见闻,，,提高素质,，,增强,本领,，,而,不是,去,玩儿,手机,。
要,做,高贵,的,低头,族,。
多一些,高贵,的,低头,。
多一些,高贵,的,低头
人们,应少些,不,那么,高贵,的,低头,，,多些,高贵,的,低头
低头,玩,手机,的,人,越来越,，,而,看书,的,人,越来越少
