因为,鲁国,的,国王,不,知道,养鸟,的,习惯,，,不,知道,鸟儿,不,需要,那,醇香,的,美酒,，,美味,的,牛羊肉,，,美妙,的,《,九韶,》,音乐,，,而,真正,需要,的,是,自由,。
他,破坏,了,小鸟,的,自然规律
是因为,鸟儿,和,人类,不,一样,，,我们,喜欢,的,东西,，,他们,未必,喜欢,，,所以,还是,遵守,自然规律,。
国王,不,给,鸟儿,的,生活空间,，,也,不,按,自然规律,养鸟,。
因为,他,没有,符合,自然规律,，,你,认为,最好,的,人家,可能,觉得,不好,，,甚至,觉得,很,糟糕,。
因为,鲁国,国王,不,按,自己,的,规律,，,你,认为,这是,最好,，,人家,可能,觉得,很,糟糕,。
因为,他,没有,按照,自然界,自然规律,来,走,，,才,导致,小鸟,死亡,。
他,没有,按照,自然,的,规律,来,养,鸟儿,，,而是,他,想,怎么样,就,怎么样,，,没有,给,鸟儿,一点,自由,。
因为,鲁国,的,国王,做事,不,符合,自然,的,规律,，,他,不,按照,鸟儿,的,习性,养鸟,，,而是,按照,他,自己,的,生活,方式,养鸟,，,所以,鲁国,的,国王,养鸟,很,失败,。
人们,有,自己,的,规律,，,而,鸟,也,有,鸟,的,规律,。
因为,鲁国,的,国王,不会,按照,自然,之道,，,不会,遵守,真正,的,规则,，,不会,替,鸟儿,着想,。,所以,他,才,会,失败,。
鲁国,国王,养鸟,失败,的,原因,是,他,做事,不,符合,自然规律,，,他,按,自己,的,生活,方式,养鸟,，,而,不是,按鸟,的,习性,养鸟,。
因为,鲁国,国王,不会,按照,自然,之道,，,不会,遵守,真正,的,规则,，,不会,替,鸟儿,着想,，,所以,他,才,会,失败,。
因为,鲁国,国王,不会,按照,自然,之道,，,不会,遵守,真正,的,规则,，,不会,替,鸟儿,着想,，,所以,他,才,会,失败,。
因为,鲁国,国王,不,知道,什么,自然规律,，,以待,人,的,方式,待,鸟,，,使鸟,不,适应,，,所以,我们,要,遵守,自然规律,，,不,可以,破坏,它,。
因为,国王,没有,按着,自然规律,来,，,而,国王,用,自己,的,生活,方式,养鸟,，,使,鸟儿,恐惧,，,所以,他,失败,了,。
鲁国,国王,按,自己,的,生活,方式,养鸟,，,而,不是,按鸟,的,习性,养鸟,，,他,这样,做,就,不,按照,自然,的,规律,，,所以,鸟,就,死,了,。
因为,鲁国,的,国王,不会,按照,自然,之道,，,不会,遵守,真正,的,规则,，,不会,替,鸟儿,着想,。,所以,他,才,会,失败,。
因为,鲁国,的,国王,不会,按照,自然,之道,，,不会,遵守,真正,的,规则,。
因为,鲁国,的,国王,不会,按照,自然,之道,，,不会,遵守,真正,的,规则,。
因为,鲁国,国王,不会,按照,自然,之道,，,不会,遵守,真正,的,规则,，,不会,替,鸟儿,着想,，,所以,他,才,会,失败,。
因为,他,做事,不,符合,自然规律,，,他,按,自己,的,生活,方式,养鸟,，,而,不是,按鸟,的,习性,养鸟,。
因为,他,做事,不,符合,自然规律,，,他,按,自己,的,生活,方式,养鸟,，,而,不是,按鸟,的,习性,养鸟,。
因为,鲁国,国王,不,知道,什么,自然规律,，,以待,人,的,方式,待,鸟,，,使鸟,不,适应,，,所以,我们,要,遵守,自然规律,，,不,可以,破坏,它,。
因为,鲁国,的,国王,不会,按照,自然,之道,，,不会,遵守,真正,的,规则,，,不会,替,鸟儿,着想,。,所以,他,才,会,失败,。
因为,他,没有,符合,自己,规律,。
因为,国王,做事,不,符合,自然,的,规律,，,所以,才,养鸟,失败,。
失败,的,原因,是,鲁国,的,国王,他,是,按,自己,的,方式,来,养鸟,，,他,是,强求,小鸟,与,人类,俱有,一样,的,能力,，,他,做事,没,符合,自然,的,规律,。
鲁国,的,国王,按,自己,的,生活,方式,养鸟,，,没有,符合,自然,的,规律,，,鸟,因为,受不了,，,所以,就,死,了,。
没有,充分,掌握,养鸟,的,特点,和,规律,。
他,不,懂得,鸟,的,习性,就,随便,养鸟,，,这,当然,养不活,他,。
国王,让,鸟,过,自己,现在,生活,，,但,国王,不,知道,鸟,的,特点,和,规律,，,鸟,不,习惯,国王,的,生活,，,所以,三天,之后,就,死,了,。
鲁国,的,国王,养鸟,失败,的,原因,是,：,鸟有,鸟,的,天性,，,鱼有,鱼,的,天性,，,不,应该,用,人类,的,天性,跟,鸟,的,天性,比,。
因为,，,“,国王,”,并,没,符合,自然,的,规律,。,鸟儿,喜欢,安静,的,地方,，,而,“,国王,”,却,让,它,在,吵闹,的,地方,，,这,就是,不,符合,自然规律,，,鸟儿,当然,养不活,。
因为,他,不,按,自然规律
因为,他,不,符合,自然规律,去,养鸟
鲁国,国王,之所以,失败,是因为,他,违反,了,自然规律,。
因为,我们,做,什么,事,都,要,符合,自然规律,，,不,可以,按人,的,方法,来,养,任何,动植物,，,因为,这样,不但,没有,养,成功,，,而且,还会,送掉,它们,的,小,生命,。
无论,做,什么,事,都,要,符合,自然,的,规律,，,国王,给,鸟,吃,美味,的,羊肉,，,喝,醇香,的,美酒,，,给,它,奏,美妙,的,《,九韶,》,音乐,，,但是,，,小鸟,却,头晕眼花,，,忧心,伤悲,不敢,吃,一块,肉,，,不敢,喝一杯,酒,，,三天,之后,就,死,了,，,这,就是,鲁国,的,国王,养鸟,失败,的,原因,。
国王,养鸟,失败,的,原因,是,他,并,不,明白,自然界,的,生存,规律,，,只有,符合,自然,的,生存,法则,，,才能,长久,地,保住,快乐,与,幸福,。
鲁国,的,国王,失败,的,原因,是,国王,不,了解,动物,的,自然规律,，,只有,了解,这,自然规律,，,小鸟,就,不会,死亡,。
鲁国,国王,做事,不,按,自然规律
做事,要,符合,自然规律,，,才能,长久,地,保持,幸福,。,你,认为,最好,的,，,并,不,代表,别人,认为,好,，,甚至,可能,觉得,很,糟糕,，,以己度人,，,有时,是,错误,的,，,主观臆断,，,往往,导致,事情,失败,。
做,任何,事情,都,要,符合,大自然,的,规律,，,不要,用,人类,的,作息,习惯,，,吃饭,种类,来,约束,鸟儿,，,如果,人类,需要,像,鸟儿,那样,生存,的话,，,那么,人不出,三天,也,会,死亡,，,万物,都,有,它,的,生活,习性,和,规律,，,不能,刻意,去,改变,它,。
是因为,他,不,知道,鸟,的,自然规律,，,小鸟,没有,自己,自由,的,空间,，,所以,小鸟,才,死,的,。
鲁国,国王,没有,按照,大自然,的,规律,养鸟
因为,鲁国,的,国王,没有,按,自然界,的,规律,去,养鸟,，,而是,用,自己,平常,的,习惯,去,养鸟,，,不是,所有,东西,可以,用,自己,平常,的,做法,就,会,改变,，,所以,鲁国,的,国王,养鸟,失败,。
没,符合,自然,的,规律
因为,鲁国,的,国王,不,掌握,养鸟,的,特点,和,规律,。
因为,鲁国,国王,违背,了,自然界,的,规律,，,改变,了,鸟儿,的,生活,环境,，,限制,了,鸟儿,的,自由,，,所以,鲁国,国王,养鸟,才,会,失败,。
因为,做事,要,符合,自然,的,规律,，,如果,不,按,自然规律,，,那,就,往往,导致,事情,失败,。
国王,养鸟,失败, ,养鸟,失败,原因,是,不,按照,动物,的,自然规律,，,把,鸟,按,人类,的,生活习惯,去,管,小鸟,，,所以,国王,养鸟,失败,。
鲁国,的,国王,养鸟,失败,的,原因,是,不,按,鸟,的,规律,养鸟,，,而,按,人,的,规律,，,所以,使得,鲁国,国王,养鸟,失败,。
鲁国,国王,养鸟,之所以,失败,是因为,：,国王,不,遵守,自然,的,规律,以,自己,认为,最好,的,待遇,强加,给,鸟,，,可是,如果,以鸟,的,角度,去,考虑,，,这样,的,生活,对,它,简直,是,灾祸,！,国王,只,在,自己,的,角度,去,思考,好,的,生活,，,所以,才,会,养鸟,失败,。
做事,应,符合,自然规律,。,才能,长久,地,保持,幸福,。,你,认为,是,最好,的,，,人家,可能,觉得,不好,。,甚至,觉得,很,糟糕,。,以己度人,，,有时候,是,错误,的,，,主观臆断,，,往往,导致,事情,失败,。
做事,要,符合,自然,的,规律,，,而,国王,却,没有,这么,做,，,所以,养鸟,失败,了,。
因为,鲁国,国王,不,知道,，,做事,要,符合,自然规律,，,才能,长久,保持,幸福,，,你,认为,最好,的,，,人家,可能,觉得,不好,，,甚至,可能,觉得,很,糟糕,，,以已度人,，,有时,是,错误,的,；,主观臆断,，,往往,导致,事情,失败,。
他,是,按,自己,的,生活,方式,养鸟,，,而,不是,按鸟,的,习性,养鸟,。,他,违反,了,自然界,的,规律,。,做,了,鸟,不,愿意,接受,的,事,，,所以,他,失败,了,。
因为,他,没有,按照,自然,的,规律,去,办事,，,小鸟,本应,生活,在,无忧无虑,的,郊外,，,如果,让,它,来,过,着,人类,认为,的,美好生活,，,那,就是,错,的
因为,不,符合,自然,的,规律,，,所以,养鸟,失败,。
因为,国王,是,按,自己,的,方式,养鸟,，,不,按照,自然规律,，,小鸟,不,适应环境,，,受不了,生活,，,从而,死,了,。
失败,的,原因,是,国王,按照,自己,的,方式,养鸟,，,而,不是,按照,大自然,的,规律,去养,这,只,鸟,，,所以,国王,养鸟,会,失败,。
因为,他,没有,符合,自然规律,去,养鸟,，,不,给,鸟儿,一点儿,自由,。
不,按,事物,的,自然规律
做,什么,都,要,符合,事物,自然规律,才能,养好,鸟,。
因为,他,并,没有,掌握,鸟,生活,的,特点,和,规律,，,还,把,人类,的,爱好,放在,鸟,的,身上,。
因为,国王,不,知道,养鸟,的,正确,方法,以及,鸟,的,生活,特点,和,规律,。
一定,养鸟,要,符合,自然,的,规律,没有,规律,就,一定,会,失败
因为,要,符合,自然,的,规律,，,有时,你,认为,好,的,，,人家,却,觉得,不好,，,甚至,很,糟糕,，,甚至,可能,觉得,很,糟糕,，,以己度人,有时,是,错误,的,；,主观臆断,，,往往,导致,事情,失败,。
因为,没有,根据,鸟,的,生活习惯,，,没有,按照,自然界,的,规律,。
不,按,自然规律,养鸟
因为,国王,没有,按照,鸟,的,习性,来,养,，,不,符合,鸟,的,生存,规律,。
他,没有,按,自然规律,来,做事,，,破坏,了,生态,的,稳定性,。
没有,符合,自然,的,规律,。
没有,按照,自然规律,来,养鸟,。
因为,鲁国,国王,，,不,知道,鸟,的,习性,，,也,不,按照,大自然,的,规律,，,所以,鲁国,国王,养鸟,失败,了,。
因为,鲁国,国王,没有,符合,自然,的,规律,，,鸟类,应该,让,它,栖息,在,深山老林,，,在,陆地,沙洲,游玩,，,在,江河湖海,飞翔,。
它,不管,鸟,的,特点,和,规律,就,养鸟,。
鲁国,国王,，,不,应该,破坏,自然规律,，,不,应该,打破,小鸟,幸福,的,生活,，,因为,鸟儿,喜欢,自由自在,，,无忧无虑,的,生活,。
因为,要,做事,符合,自然规律,，,以,自己,的,观点,来,看待,别人,的,观点,，,有时,是,错误,的,。
因为,养鸟,的,人,不,符合,事物,的,自然规律,，,所以,国王,养鸟,失败,了,。
因为,他,没有,符合,事物,的,自然规律,，,用,自己,的,方法,去养,。
养鸟,失败,的,原因,，,鲁国,国王,没有,掌握,养鸟,的,特点,和,规律,。
我,觉得,失败,的,原因,是,鲁,国王,他,不,知道,鸟类,是,从来,也,不吃,酒肉,的,，,只,吃,米,，,再,是,他,不,懂,大自然,生活,的,规律,，,所以,才,会,失败,。
因为,他,没有,按照,小鸟,的,生活,安排,。
国王,养鸟,失败,的,原因,是,不,按,鸟,的,习惯,养鸟,，,常,按,人,的,规律,养鸟,。
大自然,有,自己,的,生存,规律,，,我们,不能,破坏,。
原因,是,“,做事,要,符合,自然,的,规律,，,才能,长久,地,保持,幸福,，,你,认为,最好,的,，,人家,觉得,不好,，,甚至,可能,觉得,更,糟糕,，,以己度人,，,有时,是,错误,的,。
因为,他,没有,符合,事物,的,自然规律,，,而是,按照,自己,的,想法,来,养,小鸟,，,所以,失败,。
因为,鲁国,的,国王,做事,不,符合,的,自然规律,。
因为,鲁国,的,国王,做事,不,符合,的,自然规律,。
因为,他,没有,符合,事物,的,自然规律,，,而是,按照,自己,的,想法,来,喂,的,，,所以,失败,。
因为,没有,符合,事物,的,自然规律,而是,按照,自己,的,想法,来,喂,的,，,所以,失败,。
因为,他,没有,符合,事物,的,自然规律,所以,才,失败,。
因为,他,没有,符合,自然规律,养鸟,。
原因,是,鲁国,国王,不,懂得,大,自然规律,。
鲁国,国王,不,懂得,鸟,的,生活,习性,，,他,只是,用,自己,觉得,好,的,方法,养鸟,，,但是,这,并,不是,鸟儿,喜欢,的,，,而且,他,也,不,了解,自然规律,，,所以,让,鸟儿,死去,了,。
鸟儿,的,习性,与,人,不,一样,，,国王,用,自己,人类,的,习惯,去,养鸟,，,他,不,符合,自然规律,，,主观臆断,，,以己度人,，,强求,鸟儿,，,导致,鸟儿,死亡,。
鲁国,的,国王,养鸟,失败,的,原因,是,他,做事,不,符合,大自然,的,规律,，,他,不,按,鸟,的,习性,养鸟,，,不让,它,栖息,在,深山老林,，,不让,它,在,陆地,沙洲,游玩,，,不让,它,在,江河湖海,飞翔,，,不让,它,随着,鸟群,的,队列,而,停歇,。
因为,小鸟,却,头晕眼花,，,忧心,伤悲,，,不敢,吃,一块,肉,，,不敢,喝一杯,酒,，,三天,只后,就,死,了,，,我们,要,知道,做事,有,符合,自然,的,规律,。
因为,鲁国,的,国王,整天,给,它,喝,最,醇香,的,美酒,，,喂,它,吃,牛羊肉,，,给,它,奏,美妙,的,《,九韶,》,。
因为,国王,没有,按着,自然规律,来,，,而,国王,用,自己,的,生活,方式,养鸟,，,使,鸟儿,恐惧,，,所以,他,失败,了,。
鲁国,国王,按,自己,的,生活,方式,养鸟,，,而,不是,按鸟,的,习性,养鸟,，,他,做,的,不,符合,自然,的,规律,，,所以,鸟,就,死,了,。
为什么,失败,，,是因为,做事,要,符合,自然,，,不管,什么,事,不能,忙然,很,事,。
因为,鲁国,的,国王,破坏,了,自然规律,，,让,鸟,做,不,喜欢,的,事,，,所以,才,养鸟,失败,。
要,按,自然规律,养鸟,不然,只能,失败,。
人,和,鸟,的,生活习惯,不同,，,按人,的,生活习惯,养鸟,，,肯定,养,不好,。,做事,要,符合,自然,的,规律,，,才能,长久,地,保持,幸福,。
因为,国王,养鸟,时,没有,按照,鸟,的,生活,规律,和,自然规律,来,养,，,鸟,需要,自由,和,快乐,，,没有,自由,和,快乐,它们,就,很,不,高兴,，,不,高兴,就,会,死,。
人类,与,鸟类,习性,不同,，,两者,的,好恶,本来,就,不,一样,，,“,我,”,们,做事,要,符合,自然规律,。
是,人们,不,符合,自然规律,。
国王,养鸟,失败,的,原因,是因为,鲁国,的,国王,以为,养鸟,要,给,鸟,吃,好,，,喝好,，,而,不是,符合,自然规律,的,，,所以,鲁国,的,国王,养鸟,才,会,失败,。
因为,鲁国,的,国王,没有,符合,自然规律,，,鸟儿,不,适应,生活,的,环境,，,所以,养鸟,失败,。
因为,鲁国,国王,认为,鸟,的,习性,和,人,一样,，,没有,符合,自然规律,。
鲁国,国王,的,失败,原因,1,以,自己,的,生活,方式,养鸟,2,不符,自然,的,规律,，,已,以度,人,。
因为,鲁国,的,国王,不,按,自然规律,养鸟,，,应该,让,鸟,自由自在,的,飞,，,而,不是,让,鸟,一直,待,在,太庙,里,。
鲁国,的,国王,用,自己,的,生活,方式,养鸟,。,鸟儿,渴望,的,是,自由,，,而,人类,却,渴望,享受,，,这,两种,截然不同,的,生活,方式,，,如果,硬要,把,两种,方式,调换,，,会,适得其反,，,要,遵守,大自然,的,自然规律,。
鸟,喜欢,栖息,在,深山老林,，,在,陆地,沙洲,游玩,，,在,江河湖海,飞翔,，,随着,鸟群,的,队列,而,停歇,，,自由自在,的,在,深山老林,生活,。,鸟类,讨厌,人,的,声音,，,鸟类,讨厌,喧闹,，,喜欢,幽静,，,所以,，,要,符合,自然,的,规律,。
因为,鸟类,最,讨厌,人,的,声音,，,而,鲁国,的,国王,还要,喧闹,嘈杂,地去,烦,它们,。,要,知道,，,做事,要,符合,自然规律,，,才能,长久,地,保持,幸福,呢,。
因为,鲁国,国王,是,自己,认为,这,是,好,的,，,但是,不能,因为,自己,的,简介,而,破坏,了,自然规律,，,我们,应该,也,要,尊重,他人,的,意见,。
小鸟,吃,的,东西,和,环境,不,适应,，,不能,按,自己,的,生活,方式,养鸟,，,要,符合,事物,的,自然规律,。
因为,鲁国,国王,是,自己,以为,这,是,好,的,，,因为,自己,的,简介,而,破坏,了,自然规律,，,我们,应该,也,要,尊重,他人,的,意见,。
他,没有,遵循,鸟,的,规律,和,自然规律,。
他,不,应该,用,自己,的,方法,去,养鸟,，,应该,去,按,自然规律,。
国王,没有,充分,掌握,养鸟,的,特点,和,规律,，,所以,才,让,鸟,死,了,。
鲁国,的,国王,养鸟,失败,的,原因,是,：,鸟要,栖息,在,深山老林,，,而,不是,在,庙里,饲养,。,鸟要,自由,飞翔,，,国王,却,让,它,吃,、,唱,，,小鸟,要,吃,小虫,了,，,而是,是,肉,，,这些,都,是,自然规律,，,人,是,不,可能,破坏,的,。
原因,是,鸟儿,的,习性,它,栖息,在,深山老林,，,在,陆地,沙洲,游玩,，,鸟儿,最,讨厌,听人,的,声音,，,因为,鲁国,的,国王,破坏,自然规律,。
因为,鲁国,国王,不,知道,鸟,的,习性,，,也,不,按照,大自然,的,规律,，,所以,鲁国,国王,养鸟,失败,。
原因,：,大自然,有,自己,的,生存,规律, ,我们,不能,破坏,。
鲁国,的,国王,做事,不,符合,自然,，,按,自己,的,生活,方式,养鸟,。
他,只是,按照,自己,认为,好,的,方式,来,养,，,并,没有,和,鸟,的,习惯,，,大自然,给予,我们,不同,的,生活,方式,，,是,让,我们,以,自己,的,方式,成长,。
鲁国,的,国王,没有,按鸟,的,习性,养鸟,最后,使鸟,三天,后,就,死,了,，,这个,故,不但,讽刺,鲁国,的,国王,不,以,正确,的,方法,养鸟,还,说明,了,人,在,做,事情,时,都,要,符合,事物,的,规律,那样,才,会,成功,。
他,做,事情,不,按,自然规律,，,是,按,自己,的,生活,方式,养鸟,。
鲁国,要,鸟儿,像,人,一样,，,听,《,九韶,》,，,喝酒,吃,肉,，,这是,违反,了,自然规律,。,鸟儿,厌烦,人,的,声音,，,它,在,太庙,中,总是,被,惊讶,，,不敢,吃,不敢,喝,，,所以,鲁国,的,国王,会,养鸟,失败,。
因为,鸟,应该,在,山林,里,栖息,，,但是,它,到,了,屋子里,，,听,最,讨厌,的,声音,，,没有,自由,，,因为,国王,没有,遵守,自然规律,。
要,知道,，,做事,要,符合,自然,的,规律,，,才能,长久,地,保持,幸福,呢,，,你,认为,最好,的,，,人家,可能,觉得,不好,，,甚至,可能,觉得,很,糟糕,，,以己度人,。
要,知道,，,做事,要,符合,自然,的,规律,，,才能,长久,地,保持,幸福,呢,。,我,认为,最好,的,，,人家,可能,觉得,不好,，,甚至,可能,觉得,很,糟糕,。,以己度人,，,有时,是,错误,的,；,主观臆断,，,往往,导致,事情,失败,。
因为,国王,一直,按,自己,的,方法,养鸟,，,根本,就,没有,去,顾虑,大自然,的,规律,，,所以,小鸟,最后,就,死,了,。
他,不,正确,的,养鸟,而是,以,自己,的,生活,方式,来,养鸟,，,而,鸟,有,自己,的,生活,方法,，,所以,就,失败,了,。
鲁国,是,按,自己,的,生活,方式,养鸟,，,而,不是,按鸟,的,习性,养鸟,！,鸟,也,有,自己,的,生活习惯,，,比如,：,你,今天,不,大吃大喝,而,让,你,吃,虫子,和,树叶,你,也,会,不,习惯,吧,！,让,你,生活,这样,的,三天,，,你,也,会,熬不过,来,的,，,何况,鸟类,呢,！,所以,我们,应该,掌握,养鸟,的,特点,和,规律,。
因为,鲁国,国王,是,按,自己,的,生活,方式,养鸟,，,并,不是,按鸟,的,生活,规律,养鸟,，,鸟,不,适应,新,的,环境,，,最终,死,了,。
因为,国王,没有,按照,鸟,的,习性,来,养,，,不,符合,鸟,的,生存,规律,。
没有,按照,鸟,的,习性,来,养鸟,。
不,按,鸟,的,习性
因为,鲁国,国王,用人,生存,的,方式,和,作息,习惯,来,养鸟,，,鸟,和,人,的,作息,习惯,和,生存,方式,既,不,一样,也,无法,适应,，,所以,鲁国,国王,养,的,鸟,才,会,死,。
因为,他,一味,的,以,自己,的,习性,来,养鸟,当然
没有,按,自己,规律,养鸟,。
没有,按照,自己,规律,来,养鸟
不,按,鸟,的,习性,养鸟
因为,鲁国,国王,用人,的,生活,方式,养鸟,，,但,凡事,都,有,自己,的,规律,，,以己度人,，,有时,是,错误,的,。
因为,国王,不,知道,鸟,是,大自然,的,生物,。,大自然,的,生物,就,由,大自然,来,养,，,人类,没有,控制,它们,的,自由,。
鲁国,的,国王,用,自己,的,方式,养鸟,，,却,不,知道,小鸟,不,适应,这样,的,环境,，,他,忽视,了,自然规律,，,把,不好,的,情况,认为,是,好,的,！
是因为,他们,没,按,鸟,的,习性,鸟,而,失败,。
是因为,他们,没,按,鸟,的,习性,养鸟,而,失败,。
他,按照,自己,的,生活,方式,养鸟,。
因为,鲁国,国王,是,按,自己,的,方法,养鸟,，,应该,按鸟,的,习性,养鸟,，,让,它,栖息,在,深山老林,，,在,陆地,沙洲,游玩,，,在,江河湖海,飞翔,，,随着,鸟群,的,队列,而,停歇,，,自由自在,地,在,森林,里,生活,。
失败,原因,是,国王,按,自己,的,生活,方式,养鸟,，,而,不是,按鸟,的,生活,方式,养鸟,。
因为,他,没有,按照,鸟,以前,的,生活,方式,去养,，,所以,鸟才,会,死,。
养鸟,应该,按照,鸟儿,的,生活习惯,来养,它,，,不,应该,按照,自己,的,想法,去,做,，,才,会,把,鸟儿,养好,。
因为,鸟,是,不吃,肉,的,，,一,看见,肉,头晕眼花,，,不,可以,给,它,听,美妙,的,音乐,，,因为,它,有,自己,的,音乐,。
因为,他,只,想着,自己,是,对,的,，,没有,想过,鸟,的,生活,规律,。
因为,他,是,按,自己,的,生活,方式,养鸟,，,而,不是,按鸟,的,习性,养鸟,啊,！
因为,他,是,以,自己,的,生活,方式,养鸟, ,根本,不,顾及,鸟,的,感受,。
因为,他,是,按,自己,的,生活,方式,养鸟,。
做事,不,符合,自然,的,规律,鸟,最,讨厌,人,的,声音,，,但,它,飞,走,，,所以,国王,失败,了,。
他们,是,按,自己,的,生活,方式,养鸟,，,而,不是,按鸟,的,习性,养鸟,啊,！
因为,酒,、,肉,、,《,九韶,》,只有,人唱,、,人,吃,、,人,听,，,小鸟,和,人,的,习性,不,一样,。
按,自己,的,生活,方式,养鸟
鲁国,的,国王,每,都,给,小鸟,吃,好,的,。,但是,小鸟,不,喜欢,小鸟,要,有,自己,的,生活,方式,。
小鸟,最,讨厌,人类,的,声音,，,小鸟,不,喜欢,和,人,一样,吃,肉,喝酒,，,它们,喜欢,自由自在,地,生活,，,而,鲁国,的,国王,没,按,小鸟,的,生活,方式,养鸟,，,而,按,了,人,的,生活,方式,养鸟,。,所以,失败,了,。
国王,是,按,自己,的,方式,养鸟,，,而,不是,按鸟,的,习性,养鸟,。,他,强求,鸟,具有,人,一样,的,能力,，,当然,是,不行,的,。
因为,国王,认为,自己,的,方法,是,最好,的,，,而,别人,却,不,一定,认为,这样,是,最好,的,。
是因为,国王,是,按,自己,的,方式,来,养鸟,，,你,认为,最好,，,但,别人,的,观点,却,和,你,不,一定,。
是因为,国王,他,根本,不,知道,鸟,到底,吃,什么,，,喝,什么,，,在,不,知道,的,情况,下,，,就,给,鸟,乱,吃,，,所以,国王,养鸟,才,会,失败,的,。
鲁国,国王,用,自己,的,生活,方式,养鸟,，,使,鸟儿,恐惧,，,所以,他,养鸟,失败,了,。
是因为,国王,他,根本,不,知道,鸟,到底,吃,什么,，,喝,什么,，,在,不,知道,的,情况,下,，,就,给,鸟,乱,吃,，,所以,国王,养鸟,才,会,失败,的,。
鲁国,国王,用,自己,的,生活,方式,来,养鸟,，,却,不知,鸟儿,自己,的,生活,方式,，,使,鸟儿,感到恐惧,，,所以,他,养鸟,失败,了,。
鲁国,国王,用,自己,的,生活,方式,养鸟,，,使,鸟儿,恐惧,，,所以,他,养鸟,失败,了,。
鲁国,国王,用,自己,的,生活,方式,来,养鸟,，,却,不知,鸟儿,自己,的,生活,方式,，,使,鸟儿,感到恐惧,，,所以,他,养鸟,失败,了,。
因为,鸟儿,本来,就,应该,生活,在,深山老林,里,在,陆地,沙洲,游玩,，,在,江河湖海,飞翔,，,自由自在,的,生活,，,而,不是,整天,关,在,笼子,里,，,这,根本,不是,小鸟,的,本性,。
是因为,国王,按,自己,的,方式,来,养鸟,，,你,认为,最好,的,，,但,别人,的,观点,却,和,你,的,不,一定,。
是因为,国王,按,自己,的,方式,来,养鸟,，,你,认为,最好,的,，,但,别人,的,观点,却,和,你,的,不,一定,。
鲁国,国王,用,自己,的,生活,方式,养鸟,，,使,鸟儿,恐惧,，,所以,他,养鸟,失败,了,。
是因为,国王,按,自己,的,方式,来,养鸟,，,你,认为,最好,的,，,但,别人,的,观点,却,和,你,的,不,一定,。
因为,鸟儿,本来,就,应该,生活,在,深山老林,里,，,在,陆地,沙洲,游玩,，,在,江河湖海,飞翔,，,自由自在,的,生活,，,而,不是,整天,关,在,笼子,里,，,这,根本,不是,小鸟,的,本性,。
鲁国,的,国王,养鸟,之所以,失败,是因为,他,没有,按,鸟类,的,生活习惯,养鸟,，,鸟类,不,习惯,，,所以,国王,养鸟,就,失败,了,。
是因为,国王,按,自己,的,方式,来,养鸟,，,你,认为,最好,的,，,但,别人,的,观点,却,和,你,的,不,一定,。
鲁国,的,国王,养鸟,之所以,失败,是因为,他,没有,按,鸟类,的,生活习惯,养鸟,，,鸟类,不,习惯,国王,养鸟,的,方法,，,所以,，,国王,养鸟,就,失败,了,。
因为,鲁国,的,国王,养鸟,的,方式,不服,合,小鸟,的,习性,，,所以,就,会,养鸟,失败,。
国王,把,最好,的,酒,和,最好,的,牛羊肉,和,美妙,的,九韶,音乐,，,可是,鸟,应该,在,江河湖海,飞翔,，,随着,鸟群,的,队列,而,停歇,，,才能,养好,鸟,。
因为,人,和,鸟,的,生活习惯,不同,。
鲁国,国王,要,以,自己,的,方法,养鸟,，,但,它,却,不,知道,鸟,的,习性,，,而用,自己,的,习性,去,养鸟,，,要,知道,人,和,动物,有别,，,习性,也,自然,不,一样,，,所以,鲁国,国王,才,会,养鸟,失败,。
因为,鲁国,的,国王,不是,按鸟,的,习性,养鸟
他,用,自己,的,习性,养鸟
因为,鲁国,的,国王,对,鸟,的,习性,不,了解,，,鸟,的,习性,是,自由,的,，,向,国王,把,鸟,关到,太庙,里,饲养,，,鸟,自然,就,会,死,的,。,鸟,的,习性,只有,鸟,自己,知道,。,所以,鲁国,的,国王,养鸟,失败,是,他,不,懂,鸟,的,习性,。
国王,不,明白人,和,鸟,是,不同,的,生活习惯,。
用,自己,的,方法,来,养鸟,，,不让,小鸟,到,森林,里,去,，,不,按,鸟,的,习性,养鸟,。
鸟儿,应,在,天空,中,自由,飞翔,，,鱼儿,应,在,水里,自由,地游,，,如果,鸟儿,在,笼子,里,，,好似,断,了,翅膀,，,再也不能,飞翔,。
因为,鲁国公,用,对待,自己,的,方法,对待,鸟,，,人,和,鸟,的,习性,不,一样,，,所以,鸟,就,死,了,。
他,不能,以人,养鸟,的,方式,养鸟,，,应该,是,以,鸟,的,方式,来,养鸟
是,他们,没有,充分,掌握,养鸟,的,特点,和,鸟,的,生活习惯,。
鲁国,国王,给,鸟,酒,、,给,牛羊肉,、,给,它,奏,美妙,的,《,九韶,》,，,鸟要,的,不是,美酒,还有,美味,的,肉,，,他,想要,的,是,自由,而,鲁国,国王,却,将,鸟,囚禁,起,，,所以,养鸟,失败,。
因为,他,对,鸟,像,对,自己,一样,，,有,酒,有,肉,。
鸟儿,不像,人类,，,有,它,自己,的,生活,环境,，,不能,强求,。
因为,，,这是,人类,的,生活,方式,，,而且,鸟,很,怕,人类,如果,你,这样,对,它,，,它,一定,不会,去,吃,的,，,还有,它,爱,自由,，,喜欢,飞翔,。
因为,他,不,按照,鸟,自己,的,生活,，,反而,给,他,强制,另,一种,生活,。
动物,有,自己,的,生存环境,，,人,如果,干涉,动物,，,就,有,可能,带来,动物,的,死亡,。
鲁国,的,国王,养鸟,原因,失败,是因为,鸟,是,一种,向,住,自由,的,生活,，,并且,也,习惯,了,吃,小虫,，,喝,清水,，,并不需要,大鱼大肉,，,美酒,，,养鸟,要,先,观察,鸟儿,。
因为,鲁国,国王,按照,人,的,习性,来,养鸟,，,给,小鸟,听,曲子,，,喝,美酒,，,吃,牛羊肉,。,但,小鸟,的,习性,却,不是,这样,，,它们,喜欢,自由,，,喜欢,森林,。,而,不是,给予,它,“,幸福,”,的,鸟笼,。
因为,国王,和,鸟,习性,不同,，,两者,的,好恶,本来,就,不,一样,。,鸟要,栖息,在,深山老林,里,而,不是,在,狭小,的,鸟笼,里,，,鸟要,在,陆地,沙洲,游玩,，,而,不是,在,“,咸池,”,里,听,音乐,。
因为,他,按,自己,的,形式,养鸟,，,他,没有,站,在,鸟,的,角度,思考,。,主观臆断,，,把己,方式,强加于人,，,却,没有,了解,鸟,的,是否,。
因为,他,是,按,自己,的,生活,方式,养鸟,，,鸟儿,应该,用,他,自己,的,方式,养,。
想要,学会,养鸟,必须,知道,鸟,的,习性,，,应该,给,小鸟,喝,普通,的,淡水,给,它,吃,小虫子,和,米,。,不,因为,喂,它,酒,和,肉,。
鸟,不吃,肉,，,鸟,也,不,听,音乐,，,应该,给,小鸟,一个,安静,的,环境,生活,，,要,按照,鸟,的,习性,可养,他,。
因为,鲁国,的,国王,只,按,自己,的,生活,方式,养鸟,，,而,不是,按鸟,的,习性,养鸟,。
鸟,应该,有,自己,的,生活,规律
国王,养鸟,的,方式,不,对,，,要,按,鸟,的,习性,养鸟
他,不,应该,让,鸟,听见,人们,的,喧闹,嘈杂,的,声音,，,不,应该,让,鸟,吃,他,自己,喜欢,的,食物,，,不,应该,按照,自己,的,生活,方式,养鸟,。
人,和,鸟,不,一样,，,人,是,可以,吃,牛肉,，,喝,美酒,，,可是,鸟,和,人,不,一样,，,鸟,应该,生活,在,大,森林,里,吃,它们,自己,的,食物,。
不,知道,鸟,的,生活,和,鸟,的,习惯,。
因为,鸟儿,应该,在,深山老林,里,，,在,陆地,沙洲,游玩,，,在,江河湖海,飞翔,，,随着,鸟群,的,队列,而,停歇,，,自由自在,地,在,森林,里,生活,，,这才,是,小鸟,的,家乡,，,也,是,小鸟,最,喜欢,去,的,地方,，,所以,鲁国,的,国王,养鸟,失败,了,。
因为,他,养鸟,没有,掌握,养鸟,的,特点,和,规律,，,所以,失败,了,。
要,按照,大自然,的,生活,方法,。
国王,按,自己,的,生活,方式,养鸟,而,不是,按鸟,的,习性,养鸟,。
国王,养鸟,失败,的,原因,是,：,它,不,懂,养鸟,的,方法,，,因为,小鸟,不能,吃,肉,，,鸟,的,生活,跟,人,的,生活,不,一样,，,国王,把,人,的,平日,吃,的,东西,给,鸟,吃,，,但,它,不,懂,鸟,平日,吃,什么,，,国王,它,给,鸟,吃,鸟,不能,吃,的,东西,，,所以,鸟,离开,了,这个,世界
因为,他,养鸟,没有,掌握,养鸟,的,特点,和,规律,，,所以,失败,了,。
因为,他,给,小鸟,不好,的,情景,，,让,小鸟,吃,肉,、,喝酒,，,什么,都,不吃,，,最后,死亡,。
不,根据,鸟,的,习性,养鸟,。
鸟类,和,人类,的,生活,规律,是,不,一样,的,，,不要,拿,自己,的,规律,，,让,动物,过,跟,远
因为,鲁国,的,国王,他,将,小鸟,以,自己,的,私心,留在,了,自己,的,身边,，,整天,让,它,大吃大喝,，,鸟,的,习性,是,自由自在,地,在,森林,里,生活,，,而,鲁国,国王,却,把,它,“,关闭,”,了,起来,，,使,小鸟,失去,了,它,那,宝贵,的,生命,。
因为,养鸟,要,按,鸟,的,习惯,养鸟,，,而且,还要,鸟,的,自由,，,不,应该,自私,的,把,鸟关,起来,，,还要,有,新鲜,的,空气,、,舒适,的,千秋,。
因为,这是,鲁国,的,国王,是,按,自己,的,生活,方式,养,的,，,应该,要,按,鸟,的,习性,养鸟,。
是因为,人,和,动物,的,生活,习性,不同,，,有着,自己,生活,要,自己,的,生活,方式,，,比如说,人类,和,身边,的,动物,，,有些,动物,很,讨厌,人,的,饲养,，,不知不觉,地,就,死去,了,。
鲁国,的,国王,是,按,自己,的,方式,养鸟,，,自己,生活,在,太庙,里,，,并,不,代表,着,鸟儿,也,喜欢,生活,在,那里,。,自己,喜欢,吃,牛羊肉,，,喜欢,听,《,九韶,》,并,不,代表,着,鸟儿,也,和,他,一样,喜欢,，,他,是,把,鸟,给,囚禁,了,。
小鸟,可以,自由,飞翔,在,天空,中,，,但是,人,却,不能,在,空中,飞翔,，,小鸟,喜欢,吃,虫子,，,但是,人一见,虫子,就,会,发抖,，,小鸟,喜欢,听,鸟叫,的,声音,，,可人,却,听到,鸟叫,的,声音,就会觉,的,很,吵闹,，,因为,鸟,的,习惯,和,人,的,不,一样,所以,鲁国,的,国王,才,会,养鸟,失败,。
因为,小鸟,不,喜欢,听人,的,声音,，,给,吃,的,，,喝,的,酒,，,不是,小鸟,喜欢,的,。
按鸟,的,习性,养鸟,的话,，,就,应该,让,它,栖息,在,深山老林,，,在,陆地,上,游玩,，,在,湖面,上,飞行,。,而,国王,却,把,它,接到,太庙,，,给,它,喝,美酒,，,吃,牛羊肉,，,奏,音乐,，,这,显然,是,不,对,的,。
因为,鲁国,国王,用,自己,的,生活,方式,养鸟,，,而,不是,让,鸟,自由自在,的,生活,，,所以,鲁国,国王,养鸟,失败,了,。
因为,鲁国,国王,把,接到,太庙,里,饲养,，,不是,用,鸟,的,方式,来,让,鸟,生活,，,而是,用,自己,的,生活,的,方式,来,饲养,鸟,。,因此,养鸟,的,方式,不,对,，,造成,了,小鸟,的,死亡,。
因为,它,把,小鸟,当作,人,一样,来,对待,，,所以,他,养鸟,才,失败,。
因为,鲁国,的,国王,是,按,自己,的,生活,方式,养鸟,，,而,不是,按鸟,的,习性,养鸟,。
是因为,鲁国,的,国王,派,人,把,它,接到,太庙,里,饲养,，,给,它,喝,最,醇香,的,美酒,，,喂,它,吃,美味,的,牛羊肉,，,给,它,奏,美妙,的,《,九韶,》,音乐,，,但是,小鸟,却,头晕眼花,，,忧心,伤悲,，,不敢,吃,一块,肉,，,不敢,喝一杯,酒,。,所以,鲁国,国王,才,会,养鸟,失败,。
是因为,鲁国,的,国王,没有,充分,掌握,养鸟,的,特点,与,规,的,原因,。
因为,国王,用,自己,大鱼大肉,的,习性,来,喂,鸟,的,，,所以,鸟,不,适应,所以,才,死,的,。
国王,按,自己,的,生活,方式,养鸟,，,而,不是,按鸟,的,习性,养鸟,，,所以,才,导致,鸟,的,死亡,。
是因为,按鸟,的,习性,养鸟,的话,，,就,应该,让,它,栖息,在,深山老林,，,在,陆地,沙洲,游玩,，,在,江河湖海,飞翔,，,随着,鸟群,的,队列,而,停歇,，,自由自在,在,森林,里,生活,。
这,是,按,自己,的,生活,方式,养鸟,，,而,不是,按鸟,的,习性,养鸟
原因,是,：,国王,给,它,喝,最香,的,酒,，,喂,它,吃,美味,的,牛羊肉,，,还给,他,奏,美妙,的,音乐,。
鲁国,的,国王,养鸟,失败,的,原因,是,鲁国,的,国王,是,按,自己,的,生活,方式,养鸟,，,而,不是,按鸟,的,习性,养鸟,。
因为,鲁国,的,国王,用,自己,的,生活,方式,养鸟,，,而,不是,用,鸟,的,习性,养鸟,。,鸟,应该,生活,在,深山老林,里,，,在,陆上,上,和,其它,小鸟,一起,游玩,，,在,自由,的,天空,中,飞翔,，,这样,鸟儿,才,不会,死去,。
鱼,在,水里,才能,生,，,但,人,在,水里,就,会,淹死,。,鸟儿,最,讨厌,听人,的,声音,，,而,国王,却,还给,它,听,《,九韶,》,，,鲁国,的,国王,按,自己,的,生活,方式,养鸟,所以,鸟才,会,死,。
因为,鲁王,是,按,自己,的,生活,方式,养鸟,，,鸟,习惯,不了,鲁王,养鸟,的,方式,所以,鸟死,了,。
因为,鲁国,的,国王,是,在,按,自己,的,生活,方式,养鸟,，,而,不是,按鸟,的,生活,方式,来,养鸟,。,人类,不能,强求,鸟儿,用,自己,的,生活,方式,来,生活,，,就,像,自己,不会,飞而鸟,却,会,飞,，,那,人类,也,不,可能,飞,起来,。
用,自己,的,方式,去,养鸟,，,是,养,不好,的,，,因为,鸟儿,喜欢,唱歌,，,你,给,鸟儿,放,音乐,，,使,小鸟,害怕,。
因为,他,没,按,鸟,的,习惯,来,喂养,。
鲁国,的,国王,养鸟,失败,的,原因,是,让,鸟儿,顺,自己,的,愿,而,不是,自己,去,顺,小鸟,的,愿,。
因为,鲁国,国王,没有,依照,自然规律,来,养鸟,，,鸟儿,会,觉得,很,不自在,，,就,会,死,掉,，,这,就是,鲁国,的,国王,养鸟,失败,的,原因,。
鲁王,是,按,自己,的,生活,方式,养鸟,，,而,不是,按鸟,的,习性,养鸟,。
鲁国,的,国王,养鸟,失败,的,原因,是,：,国王,没有,符合,小鸟,生活,的,规律,。
因为,鲁国,的,国王,是,符合,人,的,习惯,养鸟,的,。
他,不,知道,，,怎么,养鸟,的,规律,。
国王,只,知道,给,小鸟,大吃大喝,，,不,知道,小鸟,的,习性,，,那才,是,国王,失败,的,原因,。
因为,他,按,自己,的,生活,方式,来,养鸟,，,让,鸟,在,几天,时间,适应,人,的,生活,是,不,可能,的,。
我,认为,国王,养鸟,失败,是因为,他,没有,按照,鸟,的,自己,的,生活习惯,养鸟,的,，,而是,按,自己,的,习惯,养鸟,。
是,按,自己,的,生活,方式,养鸟,，,而,不是,按鸟,的,习性,养鸟,。
原因,是,你,认为,最好,的,，,人家,可能,觉得,不好,，,甚至,可能,觉得,不好,，,甚至,可能,觉得,很,糟糕,。,以己度人,，,有时,是,错误,的,；,主观臆断,，,往往,导致,事情,失败,。
国王,按照,养人,来,养鸟,，,而,不是,用,养鸟,的,方式,来,养鸟,。
因为,他,没有,按鸟,的,习性,养鸟,。
他,没有,按鸟,的,习性,养鸟,，,所以,他,养鸟,失败,了,。
是因为,鲁王,就,人,的,方式,养鸟,，,没有,掌握,养鸟,的,特点,和,规律,。
因为,国王,用,自己,的,生活,方式,养鸟,，,而,不是,按鸟,的,习性,养,。
因为,人,和,鸟,的,生活习惯,不同,，,国王,用,自己,的,生活,方式,去,养鸟,，,鸟,无法,适应,人类,的,生活,方式,，,所以,国王,养鸟,会,失败,的,原因,。
鸟,是,一种,自由,的,生物,，,国王,以,人类,的,方法,来养,他,，,这使,鸟,失去,了,自由,。
因为,国王,用,自己,的,生活,方式,去,让,小鸟,过,而,小鸟,却,无法,适应,所以,国王,养鸟,失败,了,。
因为,国王,他,没有,按着,鸟,的,习性,来,养,。
小鸟,应该,按,自己,的,生活,方法,，,在,老,林中,栖息,。
因为,他,养鸟,的,方法,不,正确,，,鸟,只有,生活,在,森林,里,的,，,没有,生活,在,太庙,里,的,。
鸟,，,不跟人,一样,，,生活,不,一样,。,鸟,是,属于,大自然,的,。
因为,小鸟,吃,的,不是,肉,和,喝,的,不是,酒,，,而是,吃,的,是,虫子,等,，,喝,的,是,水,不是,酒,，,所以,小鸟,才,会,死,。
他,把,鸟,的,自由,给,灭,了,，,而且,还给,它,吃,人,的,东西,，,听人,的,音乐,喝人,的,酒,。
他,认为,鸟,喜欢,的,而,鸟,却,不,喜欢,，,但,他,还是,强求,给,鸟,不,喜欢,的,音乐,，,使得,了,鸟儿,的,死亡,，,因此,他,也,养鸟,失败,了,。
因为,鲁国,的,国王,不,按,鸟,的,习性,养鸟,。
一定,要,让,小鸟,获得,自由,，,不要,给,他,喝,最,醇香,的,美酒,，,要,给,他,喝水,，,不,给,你,美味,的,牛羊肉,，,要,给,他,吃,小虫子,。,不要,把,鸟儿,困,起来,。
因为,他,不,懂,鸟,的,习性,。
我,觉得,鲁国,的,国王,不,应该,用,自己,的,生活,方式,来,养鸟,。
因为,鲁国,国王,没有,按鸟,的,养鸟,，,以己度人,，,主观臆断,，,所以,最终,导致,养鸟,失败,。
因为,那,只,小鸟,是,大自然,中,的,一员,，,如果,被关,在,一个,地方,，,它,将,会,失去,自由,，,不久,后,就,会,死去,，,所以,鲁国,的,国王,养鸟,失败,了,。
因为,国王,没有,掌握,养鸟,的,特点,和,规律,。
鲁国,以,人类,的,方式,养鸟,，,自,以为,人类,觉得,幸福,的,生活,，,鸟类,也,会,觉得,幸福,。,便,以,自己,的,生活,方式,养鸟,，,因为,鸟,失去,了,本来,的,生活,，,所以,它,忧郁,而,死,。
鲁国,的,国王,之所以,养鸟,失败,，,是因为,鸟,本来,就是,自由,的,，,不,受,任何,拘束,。,国王,把,鸟,当做,人来养,，,可鸟,的,习性,却,不同于,人类,。,按照,国王,这样,养,，,当然,会,失败,。
鲁国,的,国王,只接,自己,喜好,的,生活,方式,去,养鸟,，,鸟,当然,不,习惯,，,每,只,动物,都,只能,按,自己,的,生活,规律,去,生活,。
他,失败,的,原因,我,认为,是,他,用,对于,人,的,习性,的,东西,去,对待,鸟,，,可鸟,也,是,为,自己,的,习性,的,呀,！,鸟,不会,过人,的,生活,便,死去,了,。
国王,养鸟,失败,的,原因,是,：,鸟儿,本身,就是,在,森林,里,生活,，,可硬要,把,它,塞进,鸟笼,里,使,鸟儿,不能,自由自在,地,生活,，,却,到,了,一个,陌生,的,地方,。
他,以,不,正确,的,养鸟,的,方法,来,养鸟,。
鸟,一生,下来,就,在,树林,，,不是,在,太庙,和,家,，,因为,鸟儿,在,庙里,的,习惯,不,和,以前,一样,，,所以,鲁国,的,国王,养鸟,才,死,了,。
这,是,按,自己,的,生活,方式,养鸟,，,而,不是,按鸟,的,习性,养鸟
鸟,喜欢,栖息,在,深山老林,，,在,陆地,沙洲,游玩,，,在,江河湖海,飞翔,，,随着,鸟群,的,队列,而,停歇,，,自由自在,的,在,深山老林,生活,。,鸟类,讨厌,人,的,声音,，,鸟类,讨厌,喧闹,，,喜欢,幽静,，,所以,，,要,符合,自然,的,规律,。
因为,鸟,在,皇宫,里,不,适应,人,的,生活,。
因为,鸟儿,应该,生活,在,深山老林,，,鸟类,最,讨厌,人,的,声音,，,它们,应该,随,鸟群,的,队列,而,停歇,，,自由自在,地,在,森林,里,生活,，,而,国王,却,给,他,吃,肉,喝酒,，,小鸟,都,不吃,这些,东西,，,它,只能,被,饿死,。
国王,养鸟,之所以,会,失败,，,是因为,它,不,懂理,如何,养鸟,，,鸟,的,习性,。,用养,自己,的,办法,去,养鸟,。
鸟,不,喜欢,呆,在,笼子,里,，,喜欢,自由,飞翔,。,鸟,不,像,人,一样,，,喝酒,，,吃,肉,都,不,喜欢,，,鸟,也,不会,像,人,一样,喜欢,音乐,《,九韶,》,，,而且,都,没有,按照,自然规律
我,认为,国王,失败,是因为,他,不,了解,鸟,的,习性,，,他,把,小鸟,当作,人,一样,看待,，,让,鸟,和,人,的,习性,一样,。,他,这样,做,只会,让,小鸟,死亡,，,并,不会,成功,的,。
失败,原因,是,：,给,它,喝,最,醇香,的,美酒,，,喂,它,吃,美味,的,牛羊肉,，,给,它,奏,美妙,的,《,九韶,》,音乐,，,这些,都,是,我们,人类,的,生活,所,需要,的,，,按鸟,的,习性,养鸟,的话,，,就,应该,让,它,栖息,在,深山老林,，,不去,打扰,它们,才,对,。
因为,鲁国,国王,是,按照,人,的,生活,方式,去,养鸟,的,，,而,不是,按照,鸟,的,习惯,人类,与,动物,习性,不同,，,所以,不能,把,人,的,习性,强加于,鸟,。
要,按,自己,的,生活,方式,养鸟,，,而,不是,按鸟,的,习性,养鸟,，,要,按,鸟,的,习性,的话,，,就,应该,让,它,栖息,在,深山老林,，,在,陆地,沙洲,游玩,在,江河湖海,飞翔,，,随着,鸟群,的,队列,而,停歇,，,自由自在,地,在,森林,里,生活,。
因为,他,将,人类,的,生活,习性,强加,给,了,那,只,鸟,，,使鸟,违背,了,生活,习性,。
国王,只,注重,养,的,鸟,好看,，,给,鸟,吃,一堆,自己,喜欢,的,，,给,鸟,听,自己,喜欢,的,，,不,注重,鸟,的,自然规律,，,而是,把,它,当做,人来养,。,所以,国王,养鸟,失败,了,。
因为,他,以为,鸟,的,习性,和,自己,的,一样,，,是,喝酒,吃,肉,，,便,这样,对,小鸟,，,但,因为,鸟,的,习性,不同,，, ,所以,养鸟,失败,。
因为,国王,没有,按照,鸟,的,生活,习性,，,也,没有,让,鸟儿,自由,的,飞翔,。
（,1,）,鲁王,不,按,鸟,的,习性,（,2,）,小鸟,不想,爱人,的,声音,。,（,3,）,鸟,与,人,的,习性,不同,，,就,像,人,与,鱼,一样,。
因为,国王,没有,按照,鸟,的,生活,习性,，,没有,让,鸟儿,自由,的,飞翔,。,而是,大鱼大肉,的,伺候,。
因为,鲁国公,并,不,了解,鸟,的,习性,，,认为,鸟,和,人,一样,，,有吃有喝,就,能,安逸,生活,，,实则,鸟儿,更,追求,大自然,中,自由自在,的,生活,，,所以,鲁国公,才,会,失败,。
因为,鲁国,的,国王,是,按,自己,的,生活,方式,养鸟,，,而,不是,按鸟,的,习性,养鸟,。,鸟,是,生活,在,大自然,的,，,鸟,是,自由自在,的,，,鸟,不能,吃,喝酒,。,所以,养鸟,失败,了,。
鲁国,国王,不,按,鸟,的,习性,来,养鸟,，,定会,使,鸟儿,不欢,，,从而,死去,。
因为,这个,国王,一直,用人,的,方式,来,养鸟,，,鸟,应该,是,属于,深山老林,里,生活,的,。,如果,用人,的,方式,来养,它,的话,，,就,只会,死,了,。,所以,，,做事,不要,以,自己,的,方式,，,符合,自然规律,，,才,最,重要,。
因为,他,不,知道,鸟,的,习性,，,所以,鲁国,的,国王,失败,。
鲁国,的,国王,养鸟,失败,，,原因,是,他,以己度人,，,没有,按鸟,的,生活,习性,来,养鸟,，,鸟,应该,在,树林,中,生活,，,应该,在,天空,中,飞翔,。,鸟,只,吃,虫子,，,只,喝,河水,，,它,不会,喝,美酒,，,不会,吃,美味,的,牛羊肉,，,所以,鲁国,的,国王,养鸟,失败,。
因为,这,是,按,国王,自己,的,生活,方式,养鸟,，,而,不是,按鸟,的,习性,养鸟
他,不是,鸟,的,习性,来,养,，,而是,按,自己,的,习性,养,，,如果,按鸟,的,习性,来,养,就要,让,它,自由自在,的,生活,在,森林,里,。
因为,鲁国,国王,给,小鸟,吃,肉,喝酒,，,还给,小鸟,奏乐,，,因为,小鸟,不喜,人类,的,音乐,，,因为,小鸟,喜欢,自由,，,因为,不,习惯,烦燥,的,音乐,，,就,死,了
因为,鲁国,的,国王,是,站,在,人类,的,角度,去,喂养,小鸟,，,但,如果,他,站,在,鸟类,的,日常生活,规律,，,将,鸟,放在,森林,里,自由自在,地,生活,，,那鸟,就,不会,死,了,！
鲁国,的,国王,养鸟,失败,的,原因,是因为,国王,是,按照,自己,的,生活,方式,养鸟,，,而,不是,按照,鸟,的,习性,养鸟,的,。
因为,国王,养鸟,按,自己,的,生活,方式,养鸟,，,而,不是,按鸟,的,习性,养鸟
鲁国,的,国王,养鸟,失败,是因为,他,不,知道,鸟,的,习性,和,人,的,习性,不,一样,。,他,应该,让,鸟,栖息,在,深山老林,，,在,陆地,沙洲,游玩,，,在,江河湖海,飞翔,，,随着,鸟群,的,队列,而,停歇,，,自由自在,地,在,森林,里,生活,。,鸟类,最,讨厌,听人,的,声音,，,不能,喧闹,嘈杂,地去,烦,它们,。
因为,他,是,按,自己,的,生活,方式,养鸟,，,而,不是,按鸟,的,习性,养鸟,。,万物,都,有,自己,本身,的,特点,和,规律,，,我们,不能,强求,它们,和,我们,做,同样,的,事情,。
是因为,鲁国,国王,以,自己,的,方式,养鸟,，,没有,顾鸟,的,习性,，,鸟,不,适应,。,鸟,就,死,了,。
鲁国,的,国王,养鸟,失败,的,原因,是,，,每个,动物,都,有,自己,生活,的,习惯,，,生活,的,规律,，,我们,不能,把,每个,动物,都,像,人,的,习惯,养活,起来,。,我们,养,动物,要,符合,自由,规律,。
因为,他,是,按,人,的,习性,养鸟,，,而,不是,按鸟,的,习性,养鸟,，,所以,国王,养鸟,失败,了,。
给,它,喝,最,美味,的,酒,，,喂,它,吃,美味,的,牛羊肉,，,给,它,听,最,美妙,的,音乐,《,九韶,》,他,是,按照,照顾,人,的,方式,来,喂,鸟,。
原因,是,没有,按鸟,的,习性,养鸟,，,是,按,自己,的,生活,方式,养鸟
鲁国,国王,，,用,养人,的,方法,养鸟,，,导致,方法,不,对,，,饿死,。
原因,：,国王,并,没有,了解,鸟,的,习性,，,把,鸟,抓,回来,，,并,按,人,喜爱,的,东西,就,认为,鸟,也,喜欢,，,而,鸟,受不了,，,国王,才,失败,。
他,按照,人,的,生活,特点,去,养鸟,，,所以,鸟死,了,。
是因为,他,不,按,鸟,的,习性,养鸟,而用,自己,的,生活,方式,养鸟,，,还给,它,听,《,九韶,》,所以,他,失败,了,。
因为,鲁国,的,国王,是,按,自己,的,生活,方式,养鸟,，,而,不是,按鸟,的,习性,养鸟,。
1,不,按照,鸟儿,居住,的,习性,，,让,它,住,在,宫殿,里,2,给,它,弹奏,《,九韶,》,，,喂给,它,牛羊肉,，,酒
养鸟,失败,的,原因,是,，,鸟,跟,人,不,一样,，,鸟,吃,虫子,，,而,国王,喂给,他人,的,食物,。,要,根据,自然规律,养鸟,。
失败,的,原因,是,鲁国,国王,用,他,自己,的,方法,养鸟,才,失败,的,，,鸟,不能,喝酒,，,鲁国,国王,还给,鸟,喝酒,吃,肉,，,当然,很快,那,只,鸟,就,死,掉,了,。
失败,的,原因,是,国王,按照,自己,的,生活,方式,养鸟,。
因为,鲁国,国王,没有,按照,小鸟,的,生活,方式,养,小鸟,所以,国王,养鸟,失败,。
是因为,鸟,是,生活,在,大自然,的,，,那里,环境优美,，,而,国王,却,用,自己,的,生活,方式,来养,它,，,鸟,失去,了,自由,。
国王,用,了,自己,的,方法,养,小鸟,而,小鸟,却,死,了,，,小鸟,是,应该,生活,在,大自然,里,的,，,这样,它们,就,可以,活,很,长时间,。
国王,你,应该,按鸟,的,习性,来,养鸟,，,不要,让,鸟,认为,你,是,它,的,敌人,，,你,应,让,鸟,认为,你,是,它,的,朋友,，,要,让,它,自由,。
他,没有,遵守,鸟儿,的,习性,来,养鸟, ,。
失败,的,原因,是,国王,按照,自己,的,生活,方式,去,养鸟,。
他,没有,了解,鸟儿,的,习惯,，,把,自己,的,习惯,当作,最好,的,，,所以,才,失败,。
国王,小鸟,要,自由,，,你,给,他,自由,他,才能,活,。
人有,自己,的,生活,习性,，,鸟,也,有,自己,的,生活,习性,，,鸟儿,渴望,自由,，,渴望,蓝天,，,人,呢,？,只要,有,吃,的,穿,的,和,玩,的,就,能够,生活,下去,。,所以,人,和,生物,之间,有,很大,的,差距,。
鸟有,自己,的,生活,方法
小鸟,应该,生活,在,深山老林,，,在,陆地,沙洲,游玩,，,在,江河湖海,飞翔,，,随着,鸟群,的,队列,而,停歇,，,自由自在,地,在,森林,里,生活,，,而,鲁国,的,国王,却,把,它关,在,太庙,里,饲养,。
因为,他,没有,用,鸟,的,方式,来,饲养,鸟,而是,用人,的,方式,来,养鸟,，,没有,掌握,好,鸟,的,特点,和,规律,，,所以,失败,。
因为,他,没有,用,的,方式,来,饲养,鸟,，,而是,用人,的,方式,来,养鸟,，,没,掌握,好,鸟,的,特点,和,规律,，,所以,失败,。
因为,他,用人,的,生活,方式,来,养鸟,，,鸟,和,人,是,不同,的,。
因为,鲁国,的,国王,没有,根据,自然规律,来,喂,鸟,，,鸟,不敢,吃,牛肉,，,国王,却,给,它,吃,牛肉,，,不敢,喝酒,，,却,让,它,喝,，,鸟,不敢,吃,不敢,喝,，,所以,过,不了,几天,就,死,了,。
按,自己,的,心思,去,看,别人,，,别人,说不定,不,喜欢,。,鲁国,的,国王,按照,自己,在,国里,喝,着,醇香,的,美酒,，,吃,着,美味,的,牛羊肉,，,弹奏,美妙,的,《,九韶,》,音乐,，,让,小鸟,也,这样,生活,，,所以,国王,养鸟,失败,了,。
鸟,与,人,的,生活,方式,不同,，,鸟,只,吃,虫,，,人,不吃,虫,。
因为,鸟儿,和,人类,的,习俗,不同,，,虽然,国王,让,人,给,鸟儿,喝,最,醇香,的,美酒,，,吃,美味,的,牛羊肉,，,听,美妙,的,《,九韶,》,音乐,，,但是,国王,和,人类,觉得,这是,最好,的,待遇,，,最美,的,享受,，,可是,小鸟,不会,这样,认为,，,小鸟,和,动物,们,都,喜欢,自由自在,的,生活,，,不,喜欢,在,窄小,的,笼子,里,生活,，,所以,国王,养鸟,失败,了,。
失败,的,原因,就是,因为,他,根本,不,知道,鸟,的,习惯,，,就,去,养鸟,。,他,应该,让,鸟,自己,来,生活,。
因为,鲁国,国王,养鸟,是,把,它,放在,庙里,，,不能,自由,飞翔,，,鸟,是,不吃,牛羊肉,的,，,也,不,喝酒,，,更,不,听,《,九韶,》,，,《,九韶,》,是,人,听,的,，,人,听,了,说,优美,，,可是,动物,和,植物,听,起来,不,优美,，,所以,鸟,就,死,了,。
养鸟,失败,的,原因,是,国王,按,自己,的,生活,方式,来,养鸟,，,因为,国王,的,鸟,死,了,。
就是,因为,国王,不顾,鸟,的,感受,去,抓,鸟,使,鸟,感到,害怕,不敢,吃,东西,，,不敢,喝一杯,酒,，,所以,才,会,失败,。
没有,按照,自己,规律,来,养鸟
鲁国,国王,养鸟,失败,是,鲁王,只是,按,自己,的,生活,方式,来,养鸟,，,而,不是,按鸟,的,习性,养鸟,，,倒,至,鸟,适应,不了,，,而,死去,。
鸟,与,人,的,生活习惯,不同,，,人,不,应该,把,自己,的,生活习惯,强加,给,鸟,。
养鸟,失败,的,原因,是,国王,按照,自己,的,生活,方式,来,养鸟,。,因此,国王,的,鸟,死,了,。
养鸟,失败,的,原因,是,国王,按照,自己,的,生活,方式,来,养鸟,。,因此,国王,的,鸟,死,了,。
鸟,喜欢,栖息,在,深山老林,，,随群,生活,，,鸟类,讨厌,嘈杂,的,生活,，,可,国王,却,让,鸟儿,听,音乐,，,使,鸟儿,不,适应,生活,，,鸟儿,死,了,。
养鸟,，,就要,用,对,方式,，,鸟,和,人,的,生活习惯,不,一样,，,而且,鸟,也,不是,食肉动物,，,人不像,鸟,不能,飞,，,而,鸟,也,不,像,人,，,没有,人,的,习惯,。
不,按,鸟儿,的,性格,养鸟
因为,国王,不,知道,鸟要,吃,什么,，,和,生活,环境,习惯,，,最后,小鸟,才,会,死去,。
国王,养鸟,失败,是,他,日日,无给,鸟,喝,醇香,的,酒,，,每天,吃,美味,的,牛羊肉,，,给,它,美妙,的,《,九韶,》,音乐,，,因为,他,是,按,自己,的,生活,方式,养鸟,，,不是,按鸟,的,习性,养鸟,啊,！
鸟类,喜欢,自由自在,地,在,森林,里,生活,，,最,讨厌,听人,的,声音,，,给,小鸟,演奏,《,九韶,》,会,惊动,鸟儿,，,让,它们,感到恐惧,，,可见,鸟类,与,人,的,生存,习性,不同,，,因为,它,恐惧,不敢,吃,唾手可得,的,食物,，,继而,死亡,。,所以,我们,不要,乱,捕捉,鸟儿,。
每,一种,动物,都,有,自己,的,生活,习性,，,茫然,的,用,一种,习性,只能,促成,它,的,死亡,尊重,世间,万物,，,维护,生态平衡,。
因为,样,他,在,栖息,在,深山老林,，,在,陆地,沙洲,游玩,，,在,江河湖海,飞翔,，,随着,鸟群,的,队列,而,停歇,，,自由自在,地,在,森林,里,生活,，,而,这,只,鸟,被,鲁国,的,国王,关在,了,笼里,了,，,得不到,自由,所以,他,死,了,。
原因,是,鲁国,的,国王,是,按,自己,的,生活,方式,养鸟,，,而,不是,按鸟,的,习性,养鸟,，,按鸟,的,习性,来,养鸟,，,就,应该,掌握,养鸟,的,特点,和,规律,。
他,不想,鸟,的,生活习惯,，,把,自己,平常,吃,的,给,鸟,吃,。
鲁国,的,国王,养鸟,失败,的,原因,是,他,是,按照,自己,的,生活,方式,养鸟,，,却,不是,按照,鸟,的,生活,方式,来养,的,。
鲁,国王,失败,是因为,，,他,不,了解,鸟儿,的,习惯,，,而是,给,鸟儿,喝酒,、,吃,肉,。,这是,不行,了,，,要,给,鸟儿,自由自在,的,生活,。
因为,小鸟,有,自己,生活,习性,，,而,鲁国,的,国王,按,的,是,人,的,生活习惯,。
鲁国,的,国王,用,自己,的,生活,方式,去,养鸟,，,给,它,喝酒,，,喂,它,吃,肉,，,给,它,奏,音乐,，,人,和,鸟,有,绝大,的,区别,，,不能,按,自己,的,生活,去,养鸟,，,要,知道,，,做事,要,符合,自然,的,规律,，,如果,国王,真的,爱鸟,，,就,应该,让,它,在,深山老林,里,生活,。
因为,他,把,鸟,当成,人来养,，,而,人,的,生活,并,不,适合,鸟,，,所以,失败,了,。
鲁国,的,国王,给,那,只,小鸟,喝,最,醇香,的,酒,，,吃,好吃,的,牛羊肉,，,给,它,听,音乐,。,而,小鸟,却,没有,自由,。,小鸟,不能,按照,自己,的,生活,方式,生活,。,因此,小鸟,死,了,。,国王,养鸟,也,失败,了,。
因为,鲁国,的,国王,不,按,鸟,的,生活,规律,养鸟,，,还,让,它,吃,好,肉,，,喝,好,酒,，,听,音乐,。,所以,鲁国,的,国王,养鸟,失败,了,。
因为,他,不,按,养鸟,的,方法,养鸟,。
因为,他,没,按,自然规律,养鸟,。
因为,他,用,人类,喜欢,的,习性,来,照顾,小鸟,，,使得,小鸟,不,适应,而,死去,。
（,1,）,小鸟,怕,人类,，,但是,鲁国,的,国王,却,把,小鸟,放在,太庙,里,。,（,2,）,动物,们,都,怕,听到,《,九韶,》,。,（,3,）,鲁国,的,国王,按鸟,的,习性,养鸟,。
因为,鲁国,的,国王,只用,自己,觉得,对,的,方法,去,养鸟,，,而,并,不依,鸟,的,生活,习性,去,养鸟,，,所以,才,造成,了,国王,养鸟,失败,。
因为,他,不,知道,鸟,喜欢,吃,什么,，,他,就,去,给,鸟,肉,吃,，,鸟,是,不会,吃,的,，,他,不,知道,鸟,爱喝,什么,，,他,就,去,给,鸟,酒,喝,，,鸟,是,不会,喝,的,，,他,应该,知道,自然规律,。
因为,鸟类,要,自由自在,地,在,森林,里,生活,，,不,可以,强求,人类,与,鸟儿,具有,一样,的,能力,，,是,鸟儿,害怕,人,。,是,他,没有,按照,鸟,的,习性,养鸟,。
因为,他,认为,鸟,是,可以,和,人类,的,自然规律,一样,的,。
因为,他,把,鸟,当人养,，,而,不,把,它,当,鸟养,。,鸟有,鸟,的,生活,习性,，,人,有人,的,生活,习性,，,它们,是,不,一样,的,。
他,这,是,按,自己,的,生活,方式,养鸟,，,而,不是,按鸟,的,习性,养鸟,。
应,按,鸟,的,习性,养鸟,。,应,让,它,栖息,在,森林,里,，,不让,他,听,人,的,声音,。
他,的,失败,在于,：,他,养鸟,只是,按照,自己,的,生活,方式,，,并,没有,去,按照,符合,小鸟,的,自然规律,。
因为,这,是,按,自己,的,生活,方式,养鸟,，,鸟,不是,这样,生活,的,。,应该,要,它,住,在,林子里,，,自由自在,地,飞翔,，,游玩,。,随着,队列,而,迁移,，,停歇,，,唱歌,才,是,。,我们,不,应该,捉鸟,。
它,在,山林,里,生活,得,习惯,了,，,山林,是,它,的,家,。,它,热爱,不,被,人们,所,打扰,的,山林,，,想念,自己,的,朋友,、,亲人,，,想念,自己,生活,了,那么,长时间,的,家,，,讨厌,人们,！
国王,养鸟,失败,的,原因,是,他,不,懂得,鸟,的,习性,，,鸟,不,喝酒,，,不吃,牛羊肉,，,更,不,懂,听,音乐,，,所以,他,养鸟,才,失败,。
他,按照,自己,的,生活,方式,去,养鸟,，,而,不是,按鸟,的,生活,习性,去,养鸟,，,鸟,固然,与,人,不同,，,用人,的,生活,习性,去,养鸟,，,鸟,不,习惯,这样,的,生活,习性,，,所鸟,就,死,了,。
鲁国,的,国王,养鸟,失败,的,原因,是,鸟,是,在,森林,里,生活,，,吃,的,是,虫,，,不是,牛羊肉,。
失败,的,原因,是,鲁国,的,国王,是,按,自己,的,方式,养鸟,，,而,不是,按鸟,的,习性,养鸟,，,所以,养鸟,失败,了,。
把,他,接到,太庙,里,饲养,，,给,它,喝,最,醇香,的,美酒,，,喂,它,吃,美味,的,牛羊肉,，,给,它,奏,美妙,的,《,九韶,》,音乐,，,这,不是,养鸟,的,方式,。
因为,国王,他,按,自己,的,生活,方式,养鸟,，,而,不是,按鸟,的,方式,养鸟,，,养鸟,的话,应该,让,它,生活,在,树林,里,，,让,它,在,河边,游玩,，,让,它,自由自在,的,生活,着,而,不是,把,它,给,关在,笼子,里,。
是因为,鲁国,的,国王,不,知道,怎样,养鸟,而,愚蠢,的,请,人,奏乐,给,小鸟,听,，,而,小鸟,是,不想,太吵,，,小鸟,过,的,日子,是,宁静,的,而,不是,喧闹,嘈杂,的,。
因为,鲁国,的,国王,不,懂,养鸟,的,规律,。
因为,国王,养鸟,不,按,鸟,的,习性,来,养,，,而是,按,自己,的,生活,方式,养,。,鸟,的,生活,不是,跟,人类,一样,的,，,所以,他,按,人类,的,方式,去,养鸟,，,鸟,肯定,死去,。
原因,是,他,没有,让,鸟,过,上,自己,应该,过,的,生活,，,过,他,自己,想要,的,生活,，,而,不是,让,他,过,上,他,不想,过,的,生活,。,因为,国王,不能,让,它,像,别的,鸟,一样,过,上,自由自在,的,生活,，,它,才,会,死,。
国王,不,按,鸟,的,生活,而,给,它,他,的,生活,。,鸟,和,人,是,不同,的,。
人,和,鸟,的,生活,方法,不同,，,鲁国,的,国王,把,人,的,方式,给,鸟,，,鸟,不能,接受,。
不是,按鸟,的,习性,养鸟,，,给,鸟,自由,放到,森林,里,去,养
因为,鲁国,的,国王,没有,按,自然规律,，,应该,让,小鸟,在,森林,中,快活,的,成长,。
人,和,鸟,不,一样,，,鸟儿,在,天上飞,，,在,地下,走,，,而,人类,只能,在,地下,走,，,人,和,鸟,的,习性,不,一样,，,这样,只会,伤害,鸟儿,。
因为,国王,强迫,动物,做人,的,习性,。
不,按,鸟,的,习性,养鸟
鸟有,鸟,的,习性,，,人,有人,的,习性,，,不能,两者,都,做,同样,的,事,。
不,按照,自然规律,养鸟
国王,太,喜欢,那,只,鸟,了,，,养鸟,就,和,养人,一样,，,国王,不,了解,鸟,的,习惯,，,才能,养好,鸟,。
因为,世界,的,生物,都,有,自己,的,生活,习性,，,我们,不能,去,改变,它,。
养鸟,不是,和,人,一样,，,所以,让,他,回,大自然
原因,是,国王,不,知道,鸟,的,生活,是,怎样,的,。
因为,鲁王,总是,按,自己,方法,养鸟,，,从,不合理,养鸟,。
把,别的,物种,按人,的,习性,养,。
知道,鸟,是,吃,虫,的,国王,给,了,的,王,不,可能,把,它,养活
鸟,是,不会,吃酒,的,，,鸟,喜欢,自己,自由自在,的,飞翔,。
因为,鸟,最,讨厌,听人,的,声音,，,觉得,人,对,自己,不好,，,所以,就,不吃,肉,也,不,喝一杯,酒,。
鸟,是,不会,吃,牛羊肉,，,喝,醇香,的,美酒,的,，,更,听不懂,美妙,的,《,九韶,》,音乐,，,所以,鸟儿,才,会,死亡,。
国王,不,知道,鸟,是,吃,虫,的,国王,却,给,了,它,肉,，,所以,国王,不,可能,把,它,养活,。
他,没有,让,它,栖息,在,深山老林,，,没有,给,它,自由,，,没有,给,它,快乐,的,天空,。
因为,鸟儿,怕人,，,就是,因为,人,在,四周,站,着,，,鸟儿,动,也,不敢,动,什么,也,不敢,吃,，,什么,也,不敢,喝,，,就是,因为,这些,现象,，,鸟儿,过,了,三天,就,死,了,。
失败,是因为,国王,把,鸟关,在,笼子,里,，,侍养,它,，,给,它,听歌,歌,。,所以,小鸟,死,了,。
因为,小鸟,离不开,大自然,，,来到,国王,的,宫殿,里,不能,适应,。
鲁国,国王,他,整天,把,小鸟,关,在,笼子,里,，,不让,它,飞去,外面,。
国王,把,自己,常吃,的,食物,给,小鸟,吃,，,小鸟,每天,都,看到,肉,，,酒,，,都,很,怕,。,因为,小鸟,三天,之后,就,死,了,。
因为,他怕,人类,，,他,要,自己,生活,，,还要,自由,。,如果,一只,鸟,没有,自由,，,就,没有,翅膀,。
鸟不喜,听见,人类,的,声音,，,而,国王,让,鸟,听,《,九韶,》,音乐,。,所以,鸟才,会,死,。
原因,1,鸟爱,吃,虫子,。,2,鸟爱,自由自在,的,飞,。,3,鸟,不,喜欢,在,人,多,的,地方,。
因为,鸟儿,和,所有,事物,一样,渴望,自由,，,而,不是,把,它,抓,回来,给,它,再,好,的,环境,，,最终,也,会,死,掉,。
是因为,鸟,是,生活,在,大自然,的,，,那里,环境优美,，,而,国王,却,用,自己,的,生活,方式,。
因为,鲁王,给,鸟,喝,上,了,醇香,的,美酒,，,要,小鸟,晕过去,了,。
很久很久,以前,，,有,只,美丽,的,小鸟,在,鲁国,郊外,的,山林,里,歇息,，,鲁国,的,国王,派,人,把,它,到,太庙,里,饲养,，,给,它,吃,美味,的,羊肉,，,但是,，,小鸟,却,头晕眼花,，,忧心,悲伤,，,不敢,吃,一块,肉,，,不敢,喝一杯,酒,，,三天,之后,就,死,了,。
不,依从,鸟,的,发展
因为,他,不,知道,，,鸟儿,应该,栖息,在,深山老林,，,在,陆地,沙洲,游玩,，,在,江河,湖,飞翔,，,随着,鸟群,的,队列,而,停歇,，,自由自在,地,在,森林,里,生活,，,而且,鸟类,最,讨厌,听人,的,声音,。
给,它,喝,最,醇香,的,美酒,，,给,它,吃,最,美味,的,牛羊肉,，,给,它,奏,美妙,的,《,九韶,》,音乐,。
因为,国王,不,知道,鸟儿,要,生活,在,大自然,里,，,如果,他活,在,大自然,里,整天,优载,优载,的,一定,不会,死,。
小鸟,不吃,肉,喝酒,，,这样,它,就,会,生存,。
因为,国王,把,鸟儿,不想,看,和,不想,吃,的,东西,放在,它,的,面前,，,把,小鸟,给,活活,的,逼死,了,。
因为,他,没,给,鸟,自由, 
因为,小鸟,不,喜欢,声音,，,鸟,喜欢,栖息,在,深山老林,，,在,陆地,沙洲,游玩,，,在,江河湖海,飞翔,，,随着,鸟群,队列,而,停歇,，,自由自在,的,生活,在,森林,中,。
因为,他,给,鸟放,《,九韶,》,音乐,，,让,他,吃,肉,，,酒,。
因为,小鸟,不能,喝酒,不,可以,吃,肉,，,只能,吃,虫子,等,东西,。
原因,是,鲁国,应该,把,鸟养,在,森林,里,，,这样,小鸟,就,能,听见,别的,小鸟,的,叫声,，,而且,鲁国,还,可以,呼吸,新鲜空气,。
鲁国,养鸟,失败,的,原因,是因为,小鸟,最,讨厌,听人,的,声音,，,也,一样,不,喜欢,听,音乐,，,小鸟,和,人们,是,不,一样,的,。
因为,鲁国,的,国王,派,人,把,它,接到,太庙,里,饲养,，,给,它,喝,最,醇香,的,美味,，,喂,它,吃,美味,的,牛羊肉,，,给,它,奏,美妙,的,《,九韶,》,音乐,。
因为,小鸟,不愿,吃,鲁国,给,它,吃,的,东西,，,而,不是,鲁国,养鸟,的,失败,，,而是,小鸟,不,愿意,吃,，,所以,小鸟,三天,后,就,死,了,。
因为,给,它,喝,最,醇香,的,美酒,，,喂,它,吃,美味,的,牛羊肉,，,给,它,奏,美妙,的,《,九韶,》,音乐,。,但是,鸟类,最,讨厌,听人,的,声音,。
因为,鲁国,国王,让,鸟,吃,的,不是,它们,一般,吃,的,物食,，,鸟,吃,的,是,虫子,，,而,这些,东西,鸟,从,不吃,，,所以,鸟,没有,什么,可,吃,，,而,死亡,过去,。
小鸟,和,人类,不,一样,，,我们,吃,的,有些,小鸟,不能,吃,，,鸟,是,在,天上飞,而,我们,却,在,地上,走,，,如果,把,小鸟,捉住,了,把,它关,在,笼子,里,，,你,说,它,能,活下去,吗,？
在,很,久,的,时候,，,有,一只,美丽,的,小鸟,在,山林,里,歇息,，,国王,就,想,去,抓住,它,来到,太庙,里,饲养,，,喂,他,吃,东西,的,，,这,就是,他,养鸟,失败,的,原因,。
鲁国,国王,认为,小鸟,和,人,一样,爱,吃,肉,。,和,爱,住,在,豪华,的,庙里,。,小鸟,不像,人,一样,，,它,喜欢,自由自在,。
鲁国,养鸟,失败,的,原因,是,，,你,认为,《,九韶,》,的,音乐,最好,的,，,人家,可能,觉得,不好,，,可能,也,会,很,糟糕,。
因为,国王,给,鸟,喝,最,醇美,的,美酒,，,喂,它,吃,美味,的,牛羊肉,，,给,它,奏,美妙,的,九韶,音乐,。
原因,是,：,给,它,喝酒,，,让,它,吃,牛羊肉,，,让,它,听,美妙,的,音乐,，,是,这种,缘故,，,所以,才,使,鲁国,国王,养鸟,失败,。
鸟,喜欢,在,大自然,中,去,。
方法,不,对,。
因为,鸟类,最,讨厌,听人,的,声音,，,鸟儿,不,喜欢,听,《,九韶,》
因为,鲁国,的,国王,只,依靠,着,我们,人类,的,生存,方法,而,导致,鸟,的,死亡,。
因为,鲁国,的,国王,把,鸟,当人,，,没有,给,鸟,自由,。
因为,鲁国,的,国王,不让,小鸟,自己,生活,在,森林,中,，,才,不会,被,饿死,。
你,认为,最好,的,人家,可能,觉得,不好,，,甚至,可能,觉得,很,糟糕,。
鲁国,的,国王,不,知道,鸟爱,干什么,，,不爱,干什么,。
鲁国,人,以为,鸟,也,喝酒,吃,肉,，,所以,就,失败,了,！
是因为,他,天天,给,小鸟,吃,好,的
原因,是,：,要,让,小鸟,在,大自然,里,快快乐乐,的,生活,，,不然,它,不会,死,。
也,不会,让,他们,做,同样,的,事情
给,鸟,喝,了,美酒,。
让,小鸟,吃,肉,喝酒,，,所以,小鸟,给,饿死,了,。
鸟,是,一种,小,动物,，,吃,不,进有,很大,劳的,食物,，,所以,小鸟,会,讨厌,吃,牛羊肉,，,忧心,伤悲,的,小鸟,应该,有,自己,选择,。
因为,鲁国,国王,他,不,知道,怎样,养鸟,，,所以,小鸟,三天,后,就,死,了,。
鸟,是,自然,的,一部分,鸟有,自己,的,空间, ,鸟有,自己,的,自由
因为,鲁国,的,国王,不,明白,鸟,的,生活,方式,。
因为,给,它,喝,美酒,，,吃,牛羊肉,。
小鸟,不,喜欢,被囚,进,起来,，,小鸟,也,要,自由,。
鸟,不,喝醉,也,不吃,肉,，,更,不会,像,人,一样,听,音乐,，,所以,国王,养鸟,会,失败,。
因为,他,让,鸟,跟,人类,过,一样,的,生活,。
因为,他,没,给,鸟,自由,。
因为,小鸟,得不到,自由,，,我们,要,遵循,自然,的,规律,。
国王,，,你,应该,知道,自然规律,鸟,讨厌,人,的,声音,。
因为,他,没有,养过,鸟
国王,养鸟,的,原因,是,结,了,它,不该,吃,的,东西,。
因为,鸟,适合,了,在,大自然,间,生活,，,这样,突然,被,国王,接到,王国里,，,不,适应,，,所以,就,死,了,。
因为,鸟,在,皇宫,里,不,适应,人,的,生活,。
他,每天,出去,到,山林,或,海边,走,，,根本,就,不,把,动物,放在眼里,，,还,每天,不看,一次,，,就,这样,鸟儿,渐渐,的,死,了,。
没有,用,有效,的,方法,。
因为,小鸟,可以,飞高,飞低,让,人捕,不,着
破坏,了,鸟,原来,的,作息时间
喂,它,吃,牛羊肉,，,喂,它,喝酒
鲁国,不,了解,鸟
小鸟,不能,吃,肉, ,，,不能,喝酒
因为,太多,了
给,鸟,喝酒,，,给,鸟,吃,肉,。
因为,他,不,关心,美丽,的,小鸟,，,所以,养鸟,失败,了,。
因为,他,不,给,小鸟,自由,，,没有,用,自然规律,所以,他,失败,了
是因为,国王,把,鸟,没有,自由,，,鸟,就是,在,江河湖海,飞翔,。
鱼儿,听到,潜水,底,躲起来
原因,是,本,就,应该,在,大自然,当中,生活,的,。
不,应该,按,自己,的,想法,去,做
他,把,小鸟,当人养,，,小鸟,经不起,他,的,饲养,。
第一,不是,在,大自然,的,地方,养,，,第二,鸟,不吃,肉,也,不,喝酒,。
就是,因为,国王,不顾,鸟,的,感爱,让,小鸟,感到,害怕,不敢,吃,东西,，,不敢,喝一杯,酒,，,所以,才,会,失败,。
首先,他,不能,把,他,带,回来,，,因为,他,害怕,，,也,不,知道,你,要,什么,。
就,给,鸟,吃,肉,喝醉,不死,就,不形,的
因为,还身,一,绒毛,的,时候,他们,在,一个,的,看起来,地,才能,养好,。
因为,国王,不,和,小鸟,在,一起,吃,、,喝,、,玩,、,乐,，,在,森林,里,，,小鸟,在,天空,中,自由自在,的,生活,。
因为,国王,不会,养鸟,。
鲁国,养鸟,要,在,森林,里,养鸟,，,鸟儿,没有,家,也,很,悲疼,，,鸟儿,没有,了,家,你,好好,的,想一想,它们,的,心情,。
小鸟,它,也,需要,自由,，,需要,同伴,，,让,它,天天,跟,不,认识,而,恐惧,的,人,在,一起,生活,，,跟,定,没有,好,结果,。
他认,这,美丽,的,鸟,跟,他,自己,一样,。
原因,为,前代,的,圣人,不,求,人类,与,鸟儿,具有,一样,的,事情,。
因为,做事,一点,作用,都,没有,才能,长久,地,保持,幸福,呢,。
不要,把,小鸟,给,放在,笼子,里养,。
因为,鲁国,的,国王,他,不会,养鸟
也,不会,让,他们,做,同样,的,事情
前代,的,圣人,不,强求,人类,与,鸟儿,具有,一样,的,能力,，,也,不会,让,他们,做,同样,的,事情,。
养鸟,失败,的,原因,是,他,不,懂得,鸟类,是,要,在,大自然,中,生活,。
国王,不,应该,把,小鸟,接它,到,太庙,，,因为,小鸟,已经,习性,难改
因为,鸟,不吃,肉,，,也,不,喝酒,，,鸟,只,吃,虫子,。,所以,失败,了,。
要,用心,去,养鸟
鲁国,国王,用,自己, 
因为,鸟,不是,人类,，,他,只是,一只,动物,。
方法,不,正确,。
给,吃,肉,喝酒,听,音乐
给,鸟,吃,肉,喝酒
因为,他,一直,宠爱,小鸟,。
小鸟,没,自由
